Quantify Compound Summary Report ,,,,,,,,,,,,,,,,,,,,
,,,,,,,,,,,,,,,,,,,,
Printed Thu Dec 02 15:14:20 2021,,,,,,,,,,,,,,,,,,,,
,,,,,,,,,,,,,,,,,,,,
Compound 1:  17a-OH-progesterone97,,,,,,,,,,,,,,,,,,,,
,,,,,,,,,,,,,,,,,,,,
well,Acq.Date,Acq.Time,ID,well,Name,id,Group,Type,Std. Conc,RT,Area,IS Area,Inj. Vol,Vial,Response,S/N,Primary Flags,Conc.,%Dev,Compund
1,23.nov.21,13:55:22,Std 1 ,1,21123_Hormones_Fredrik_std1,std_1,std,Standard,130,6.73,3109441,702024,4,01:01,4.429,25462,bb,122.8,-5.5,17a-OH-progesterone97
2,23.nov.21,14:05:33,Std 2 ,2,21123_Hormones_Fredrik_std2,std_2,std,Standard,65,6.73,1694852,704042,4,01:02,2.407,9042,bb,66.68,2.6,17a-OH-progesterone97
3,23.nov.21,14:15:42,Std 3,3,21123_Hormones_Fredrik_std3,std_3,std,Standard,13,6.73,308200,651747,4,01:03,0.473,1844,bb,12.99,-0.1,17a-OH-progesterone97
4,23.nov.21,14:25:52,Std 4,4,21123_Hormones_Fredrik_std4,std_4,std,Standard,6.5,6.73,140787,566362,4,01:04,0.249,1354,bb,6.76,4.1,17a-OH-progesterone97
5,23.nov.21,14:36:03,Std 5,5,21123_Hormones_Fredrik_std5,std_5,std,Standard,1.3,6.73,30294,587993,4,01:05,0.052,291,bb,1.29,-0.4,17a-OH-progesterone97
6,23.nov.21,14:46:13,Std 6,6,21123_Hormones_Fredrik_std6,std_6,std,Standard,0.65,6.73,18793,692890,4,01:06,0.027,111,db,0.62,-5,17a-OH-progesterone97
7,23.nov.21,14:56:23,Std 7,7,21123_Hormones_Fredrik_std7,std_7,std,Standard,0.13,6.73,5837,665484,4,01:07,0.009,27,db,0.11,-16.8,17a-OH-progesterone97
8,23.nov.21,15:06:33,L1 steroider P1 lot 4019,8,21123_Hormones_Fredrik_L1_P1,qc_1,qc,QC,0,,,872490,4,01:08,,,,,,17a-OH-progesterone97
9,23.nov.21,15:37:04,L1 steroider P2 lot 1019,9,21123_Hormones_Fredrik_L2_P1,qc_2,qc,QC,0,,,817383,4,01:11,,,,,,17a-OH-progesterone97
10,23.nov.21,15:26:54,L3 steroider P1 lot 1019,10,21123_Hormones_Fredrik_L1_P3,qc_3,qc,QC,0,6.72,6479,897985,4,01:10,0.007,15,bb,0.07,,17a-OH-progesterone97
11,23.nov.21,15:16:43,L2 steroider P1 lot 0902,11,21123_Hormones_Fredrik_L1_P2,qc_4,qc,QC,0.896,6.73,37728,887351,4,01:09,0.043,175,bb,1.04,16.6,17a-OH-progesterone97
12,23.nov.21,15:47:15,L2 steroider P2 lot 1419,12,21123_Hormones_Fredrik_L2_P2,qc_5,qc,QC,4.28,6.73,152795,854637,4,01:12,0.179,850,bb,4.83,12.8,17a-OH-progesterone97
13,23.nov.21,15:57:25,L3 steroider P2 lot 1419,13,21123_Hormones_Fredrik_L2_P3,qc_6,qc,QC,26.1,6.73,917609,814433,4,01:13,1.127,4253,bb,31.14,19.3,17a-OH-progesterone97
14,23.nov.21,16:07:35,,14,21123_Hormones_Fredrik_1,H216,BAT05C,Analyte,,6.76,53398,887369,4,01:14,0.06,161,dd,1.53,,17a-OH-progesterone97
15,23.nov.21,16:17:45,,15,21123_Hormones_Fredrik_2,H243,aENT,Analyte,,6.76,90205,765084,4,01:15,0.118,476,dd,3.14,,17a-OH-progesterone97
16,23.nov.21,16:27:55,,16,21123_Hormones_Fredrik_3,H222,BAT05C,Analyte,,6.76,22432,845831,4,01:16,0.027,209,dd,0.6,,17a-OH-progesterone97
17,23.nov.21,16:38:05,,17,21123_Hormones_Fredrik_4,H245,IBE1,Analyte,,6.75,75029,808906,4,01:17,0.093,297,bb,2.44,,17a-OH-progesterone97
18,23.nov.21,16:48:16,,18,21123_Hormones_Fredrik_5,H263,BAT05C,Analyte,,6.76,54400,870301,4,01:18,0.063,347,dd,1.6,,17a-OH-progesterone97
19,23.nov.21,16:58:26,,19,21123_Hormones_Fredrik_6,H241,aENT,Analyte,,6.76,35797,901564,4,01:19,0.04,157,dd,0.97,,17a-OH-progesterone97
20,23.nov.21,17:08:36,,20,21123_Hormones_Fredrik_7,H298,BAT05C,Analyte,,6.76,50000,855806,4,01:20,0.058,254,dd,1.49,,17a-OH-progesterone97
21,23.nov.21,17:18:46,,21,21123_Hormones_Fredrik_8,H276,BAT05C,Analyte,,6.76,31850,851887,4,01:21,0.037,231,dd,0.9,,17a-OH-progesterone97
22,23.nov.21,17:28:56,,22,21123_Hormones_Fredrik_9,H254,aENT,Analyte,,6.76,53449,854720,4,01:22,0.063,320,dd,1.6,,17a-OH-progesterone97
23,23.nov.21,17:39:06,,23,21123_Hormones_Fredrik_10,H250,BAT3C,Analyte,,6.76,31964,790881,4,01:23,0.04,179,dd,0.99,,17a-OH-progesterone97
24,23.nov.21,17:49:17,,24,21123_Hormones_Fredrik_11,H300,BAT3C,Analyte,,6.76,36283,848124,4,01:24,0.043,221,dd,1.05,,17a-OH-progesterone97
25,23.nov.21,17:59:26,,25,21123_Hormones_Fredrik_12,H248,BAT3C,Analyte,,6.76,44904,811921,4,01:25,0.055,186,dd,1.4,,17a-OH-progesterone97
26,23.nov.21,18:09:37,,26,21123_Hormones_Fredrik_13,H230,aENT,Analyte,,6.76,52750,897226,4,01:26,0.059,362,dd,1.5,,17a-OH-progesterone97
27,23.nov.21,18:19:48,,27,21123_Hormones_Fredrik_14,H299,TEST,Analyte,,6.74,14411,809201,4,01:27,0.018,64,bb,0.36,,17a-OH-progesterone97
28,23.nov.21,18:29:58,,28,21123_Hormones_Fredrik_15,H319,aENT,Analyte,,6.76,105873,767544,4,01:28,0.138,489,dd,3.69,,17a-OH-progesterone97
29,23.nov.21,18:40:09,,29,21123_Hormones_Fredrik_16,H307,aENT,Analyte,,6.76,86154,838573,4,01:29,0.103,806,bd,2.72,,17a-OH-progesterone97
30,23.nov.21,18:50:20,,30,21123_Hormones_Fredrik_17,H236,BAT3C,Analyte,,6.76,47352,833756,4,01:30,0.057,227,dd,1.44,,17a-OH-progesterone97
31,23.nov.21,19:00:30,,31,21123_Hormones_Fredrik_18,H224,IBE1,Analyte,,6.76,69708,868673,4,01:31,0.08,216,dd,2.09,,17a-OH-progesterone97
32,23.nov.21,19:10:41,,32,21123_Hormones_Fredrik_19,H278,IBE1,Analyte,,6.76,95992,924731,4,01:32,0.104,369,dd,2.75,,17a-OH-progesterone97
33,23.nov.21,19:20:50,,33,21123_Hormones_Fredrik_20,H211,IBE12,Analyte,,6.75,57043,877051,4,01:33,0.065,212,dd,1.67,,17a-OH-progesterone97
34,23.nov.21,19:31:01,,34,21123_Hormones_Fredrik_21,H274,IBE12,Analyte,,6.76,44512,1001155,4,01:34,0.044,218,dd,1.1,,17a-OH-progesterone97
35,23.nov.21,19:41:11,,35,21123_Hormones_Fredrik_22,H327,IBE12,Analyte,,6.76,108671,944224,4,01:35,0.115,733,bd,3.06,,17a-OH-progesterone97
36,23.nov.21,19:51:22,,36,21123_Hormones_Fredrik_23,H273,BAT3C,Analyte,,6.76,39785,878981,4,01:36,0.045,226,dd,1.12,,17a-OH-progesterone97
37,23.nov.21,20:01:32,,37,21123_Hormones_Fredrik_24,H264,IBE1,Analyte,,6.74,94810,873714,4,01:37,0.109,392,dd,2.88,,17a-OH-progesterone97
38,23.nov.21,20:11:42,,38,21123_Hormones_Fredrik_25,H301,IBE12,Analyte,,6.76,57831,959047,4,01:38,0.06,280,dd,1.54,,17a-OH-progesterone97
39,23.nov.21,20:21:52,,39,21123_Hormones_Fredrik_26,H275,IBE12,Analyte,,6.76,47354,889454,4,01:39,0.053,178,dd,1.34,,17a-OH-progesterone97
40,23.nov.21,20:32:02,,40,21123_Hormones_Fredrik_27,H268,IBE1,Analyte,,6.76,79015,944437,4,01:40,0.084,472,dd,2.19,,17a-OH-progesterone97
41,23.nov.21,20:42:13,Std 1 ,41,21123_Hormones_Fredrik_std1_2,std_1_2,std,Standard,130,6.73,3085358,688420,4,01:01,4.482,21241,bb,124.26,-4.4,17a-OH-progesterone97
42,23.nov.21,20:52:23,Std 2 ,42,21123_Hormones_Fredrik_std2_2,std_2_2,std,Standard,65,6.73,1684798,697928,4,01:02,2.414,9172,bb,66.87,2.9,17a-OH-progesterone97
43,23.nov.21,21:02:33,Std 3,43,21123_Hormones_Fredrik_std3_2,std_3_2,std,Standard,13,6.73,315747,645276,4,01:03,0.489,1501,bb,13.45,3.4,17a-OH-progesterone97
44,23.nov.21,21:12:43,Std 4,44,21123_Hormones_Fredrik_std4_2,std_4_2,std,Standard,6.5,6.73,145106,575895,4,01:04,0.252,930,bb,6.86,5.5,17a-OH-progesterone97
45,23.nov.21,21:22:53,Std 5,45,21123_Hormones_Fredrik_std5_2,std_5_2,std,Standard,1.3,6.73,29333,599277,4,01:05,0.049,163,bb,1.22,-5.9,17a-OH-progesterone97
46,23.nov.21,21:33:04,Std 6,46,21123_Hormones_Fredrik_std6_2,std_6_2,std,Standard,0.65,6.73,20874,705611,4,01:06,0.03,97,bb,0.69,5.5,17a-OH-progesterone97
47,23.nov.21,21:43:15,Std 7,47,21123_Hormones_Fredrik_std7_2,std_7_2,std,Standard,0.13,6.73,7625,701203,4,01:07,0.011,41,bb,0.17,28.1,17a-OH-progesterone97
48,23.nov.21,21:53:25,L1 steroider P1 lot 4019,48,21123_Hormones_Fredrik_L1_P1_2,L1_P1_2,qc,QC,0,,,889953,4,01:08,,,,,,17a-OH-progesterone97
49,23.nov.21,22:23:56,L1 steroider P2 lot 1019,49,21123_Hormones_Fredrik_L2_P1_2,L2_P1_2,qc,QC,0,6.71,2796,825919,4,01:11,0.003,7,bbI,,,17a-OH-progesterone97
50,23.nov.21,22:13:46,L3 steroider P1 lot 1019,50,21123_Hormones_Fredrik_L1_P3_2,L1_P3_2,qc,QC,0,6.73,5330,906353,4,01:10,0.006,15,bb,0.03,,17a-OH-progesterone97
51,23.nov.21,22:03:36,L2 steroider P1 lot 0902,51,21123_Hormones_Fredrik_L1_P2_2,L1_P2_2,qc,QC,0.896,6.73,35864,901781,4,01:09,0.04,244,bb,0.97,8.1,17a-OH-progesterone97
52,23.nov.21,22:34:06,L2 steroider P2 lot 1419,52,21123_Hormones_Fredrik_L2_P2_2,L2_P2_2,qc,QC,4.28,6.73,160338,872534,4,01:12,0.184,914,bb,4.97,16,17a-OH-progesterone97
53,23.nov.21,22:44:15,L3 steroider P2 lot 1419,53,21123_Hormones_Fredrik_L2_P3_2,L2_P3_2,qc,QC,26.1,6.73,931139,853992,4,01:13,1.09,5251,bb,30.13,15.4,17a-OH-progesterone97
1,23.nov.21,13:55:22,Std 1 ,1,21123_Hormones_Fredrik_std1,std_1,std,Standard,130,6.3,6432940,1399459,4,01:01,4.597,31458,bb,121.82,-6.3, Testosteron97
2,23.nov.21,14:05:33,Std 2 ,2,21123_Hormones_Fredrik_std2,std_2,std,Standard,65,6.3,3407114,1395097,4,01:02,2.442,18623,bb,64.72,-0.4, Testosteron97
3,23.nov.21,14:15:42,Std 3,3,21123_Hormones_Fredrik_std3,std_3,std,Standard,13,6.3,654686,1346590,4,01:03,0.486,4032,bb,12.87,-1, Testosteron97
4,23.nov.21,14:25:52,Std 4,4,21123_Hormones_Fredrik_std4,std_4,std,Standard,6.5,6.3,295070,1196208,4,01:04,0.247,1747,bb,6.52,0.4, Testosteron97
5,23.nov.21,14:36:03,Std 5,5,21123_Hormones_Fredrik_std5,std_5,std,Standard,1.3,6.3,59851,1201416,4,01:05,0.05,404,bb,1.31,0.5, Testosteron97
6,23.nov.21,14:46:13,Std 6,6,21123_Hormones_Fredrik_std6,std_6,std,Standard,0.65,6.3,36559,1435035,4,01:06,0.025,241,bb,0.66,1.7, Testosteron97
7,23.nov.21,14:56:23,Std 7,7,21123_Hormones_Fredrik_std7,std_7,std,Standard,0.13,6.3,7507,1386201,4,01:07,0.005,39,bb,0.13,-0.6, Testosteron97
8,23.nov.21,15:06:33,L1 steroider P1 lot 4019,8,21123_Hormones_Fredrik_L1_P1,qc_1,qc,QC,0,,,1748154,4,01:08,,,,,, Testosteron97
9,23.nov.21,15:37:04,L1 steroider P2 lot 1019,9,21123_Hormones_Fredrik_L2_P1,qc_2,qc,QC,0,6.25,409,1667737,4,01:11,0,3,dbI,,, Testosteron97
10,23.nov.21,15:26:54,L3 steroider P1 lot 1019,10,21123_Hormones_Fredrik_L1_P3,qc_3,qc,QC,0,6.37,519,1818028,4,01:10,0,3,bbI,,, Testosteron97
11,23.nov.21,15:16:43,L2 steroider P1 lot 0902,11,21123_Hormones_Fredrik_L1_P2,qc_4,qc,QC,0.655,6.3,46980,1765204,4,01:09,0.027,265,bb,0.69,5.5, Testosteron97
12,23.nov.21,15:47:15,L2 steroider P2 lot 1419,12,21123_Hormones_Fredrik_L2_P2,qc_5,qc,QC,5.07,6.3,356001,1728812,4,01:12,0.206,2222,bb,5.44,7.4, Testosteron97
13,23.nov.21,15:57:25,L3 steroider P2 lot 1419,13,21123_Hormones_Fredrik_L2_P3,qc_6,qc,QC,27.5,6.3,1907569,1656424,4,01:13,1.152,10207,bb,30.51,10.9, Testosteron97
14,23.nov.21,16:07:35,,14,21123_Hormones_Fredrik_1,H216,BAT05C,Analyte,,,,1805711,4,01:14,,,,,, Testosteron97
15,23.nov.21,16:17:45,,15,21123_Hormones_Fredrik_2,H243,aENT,Analyte,,,,1450559,4,01:15,,,,,, Testosteron97
16,23.nov.21,16:27:55,,16,21123_Hormones_Fredrik_3,H222,BAT05C,Analyte,,,,1641455,4,01:16,,,,,, Testosteron97
17,23.nov.21,16:38:05,,17,21123_Hormones_Fredrik_4,H245,IBE1,Analyte,,6.3,105577,1598047,4,01:17,0.066,638,bb,1.74,, Testosteron97
18,23.nov.21,16:48:16,,18,21123_Hormones_Fredrik_5,H263,BAT05C,Analyte,,,,1752145,4,01:18,,,,,, Testosteron97
19,23.nov.21,16:58:26,,19,21123_Hormones_Fredrik_6,H241,aENT,Analyte,,6.3,14979,1814292,4,01:19,0.008,88,bb,0.2,, Testosteron97
20,23.nov.21,17:08:36,,20,21123_Hormones_Fredrik_7,H298,BAT05C,Analyte,,,,1723159,4,01:20,,,,,, Testosteron97
21,23.nov.21,17:18:46,,21,21123_Hormones_Fredrik_8,H276,BAT05C,Analyte,,6.3,201,1751264,4,01:21,0,2,dbI,,, Testosteron97
22,23.nov.21,17:28:56,,22,21123_Hormones_Fredrik_9,H254,aENT,Analyte,,6.21,387,1689096,4,01:22,0,3,bbI,,, Testosteron97
23,23.nov.21,17:39:06,,23,21123_Hormones_Fredrik_10,H250,BAT3C,Analyte,,6.29,561,1549517,4,01:23,0,4,ddI,,, Testosteron97
24,23.nov.21,17:49:17,,24,21123_Hormones_Fredrik_11,H300,BAT3C,Analyte,,6.28,486,1701815,4,01:24,0,3,dbI,,, Testosteron97
25,23.nov.21,17:59:26,,25,21123_Hormones_Fredrik_12,H248,BAT3C,Analyte,,6.27,204,1580060,4,01:25,0,1,bbI,,, Testosteron97
26,23.nov.21,18:09:37,,26,21123_Hormones_Fredrik_13,H230,aENT,Analyte,,6.3,41453,1765382,4,01:26,0.023,220,bb,0.61,, Testosteron97
27,23.nov.21,18:19:48,,27,21123_Hormones_Fredrik_14,H299,TEST,Analyte,,,,1580435,4,01:27,,,,,, Testosteron97
28,23.nov.21,18:29:58,,28,21123_Hormones_Fredrik_15,H319,aENT,Analyte,,6.2,3314,1462592,4,01:28,0.002,8,bb,0.05,, Testosteron97
29,23.nov.21,18:40:09,,29,21123_Hormones_Fredrik_16,H307,aENT,Analyte,,6.3,9992,1658070,4,01:29,0.006,54,bb,0.15,, Testosteron97
30,23.nov.21,18:50:20,,30,21123_Hormones_Fredrik_17,H236,BAT3C,Analyte,,6.32,699,1623178,4,01:30,0,4,ddI,,, Testosteron97
31,23.nov.21,19:00:30,,31,21123_Hormones_Fredrik_18,H224,IBE1,Analyte,,6.3,64518,1730611,4,01:31,0.037,391,bb,0.97,, Testosteron97
32,23.nov.21,19:10:41,,32,21123_Hormones_Fredrik_19,H278,IBE1,Analyte,,6.3,135140,1792749,4,01:32,0.075,520,bb,1.98,, Testosteron97
33,23.nov.21,19:20:50,,33,21123_Hormones_Fredrik_20,H211,IBE12,Analyte,,6.3,125359,1743152,4,01:33,0.072,636,bb,1.89,, Testosteron97
34,23.nov.21,19:31:01,,34,21123_Hormones_Fredrik_21,H274,IBE12,Analyte,,6.3,9596,1932832,4,01:34,0.005,62,bb,0.12,, Testosteron97
35,23.nov.21,19:41:11,,35,21123_Hormones_Fredrik_22,H327,IBE12,Analyte,,6.3,23312,1791451,4,01:35,0.013,110,bb,0.33,, Testosteron97
36,23.nov.21,19:51:22,,36,21123_Hormones_Fredrik_23,H273,BAT3C,Analyte,,6.29,452,1688265,4,01:36,0,4,dbI,,, Testosteron97
37,23.nov.21,20:01:32,,37,21123_Hormones_Fredrik_24,H264,IBE1,Analyte,,6.3,121208,1730835,4,01:37,0.07,581,bb,1.84,, Testosteron97
38,23.nov.21,20:11:42,,38,21123_Hormones_Fredrik_25,H301,IBE12,Analyte,,,,1908092,4,01:38,,,,,, Testosteron97
39,23.nov.21,20:21:52,,39,21123_Hormones_Fredrik_26,H275,IBE12,Analyte,,6.3,87726,1793559,4,01:39,0.049,507,bb,1.28,, Testosteron97
40,23.nov.21,20:32:02,,40,21123_Hormones_Fredrik_27,H268,IBE1,Analyte,,6.3,70478,1821784,4,01:40,0.039,393,bb,1.01,, Testosteron97
41,23.nov.21,20:42:13,Std 1 ,41,21123_Hormones_Fredrik_std1_2,std_1_2,std,Standard,130,6.3,6285633,1349064,4,01:01,4.659,26439,bb,123.48,-5, Testosteron97
42,23.nov.21,20:52:23,Std 2 ,42,21123_Hormones_Fredrik_std2_2,std_2_2,std,Standard,65,6.3,3426742,1380881,4,01:02,2.482,15549,bb,65.76,1.2, Testosteron97
43,23.nov.21,21:02:33,Std 3,43,21123_Hormones_Fredrik_std3_2,std_3_2,std,Standard,13,6.3,664563,1348422,4,01:03,0.493,4548,bb,13.05,0.4, Testosteron97
44,23.nov.21,21:12:43,Std 4,44,21123_Hormones_Fredrik_std4_2,std_4_2,std,Standard,6.5,6.3,306324,1192761,4,01:04,0.257,1944,bb,6.79,4.5, Testosteron97
45,23.nov.21,21:22:53,Std 5,45,21123_Hormones_Fredrik_std5_2,std_5_2,std,Standard,1.3,6.3,63244,1170475,4,01:05,0.054,462,bb,1.42,9.1, Testosteron97
46,23.nov.21,21:33:04,Std 6,46,21123_Hormones_Fredrik_std6_2,std_6_2,std,Standard,0.65,6.31,35771,1429096,4,01:06,0.025,203,bb,0.65,-0.1, Testosteron97
47,23.nov.21,21:43:15,Std 7,47,21123_Hormones_Fredrik_std7_2,std_7_2,std,Standard,0.13,6.3,7612,1407705,4,01:07,0.005,54,bb,0.13,-0.8, Testosteron97
48,23.nov.21,21:53:25,L1 steroider P1 lot 4019,48,21123_Hormones_Fredrik_L1_P1_2,L1_P1_2,qc,QC,0,,,1802197,4,01:08,,,,,, Testosteron97
49,23.nov.21,22:23:56,L1 steroider P2 lot 1019,49,21123_Hormones_Fredrik_L2_P1_2,L2_P1_2,qc,QC,0,6.3,208,1683784,4,01:11,0,3,dbI,,, Testosteron97
50,23.nov.21,22:13:46,L3 steroider P1 lot 1019,50,21123_Hormones_Fredrik_L1_P3_2,L1_P3_2,qc,QC,0,6.36,236,1888194,4,01:10,0,3,bdI,,, Testosteron97
51,23.nov.21,22:03:36,L2 steroider P1 lot 0902,51,21123_Hormones_Fredrik_L1_P2_2,L1_P2_2,qc,QC,0.655,6.3,48203,1848995,4,01:09,0.026,287,bb,0.68,3.3, Testosteron97
52,23.nov.21,22:34:06,L2 steroider P2 lot 1419,52,21123_Hormones_Fredrik_L2_P2_2,L2_P2_2,qc,QC,5.07,6.3,363665,1756059,4,01:12,0.207,1826,bb,5.47,8, Testosteron97
53,23.nov.21,22:44:15,L3 steroider P2 lot 1419,53,21123_Hormones_Fredrik_L2_P3_2,L2_P3_2,qc,QC,27.5,6.31,1887276,1686121,4,01:13,1.119,8855,bb,29.65,7.8, Testosteron97
1,23.nov.21,13:55:22,Std 1 ,1,21123_Hormones_Fredrik_std1,std_1,std,Standard,130,8.36,6203790,1265547,4,01:01,4.902,44475,bb,122.86,-5.5, Progesterone109
2,23.nov.21,14:05:33,Std 2 ,2,21123_Hormones_Fredrik_std2,std_2,std,Standard,65,8.36,3229136,1250625,4,01:02,2.582,23576,bb,64.7,-0.5, Progesterone109
3,23.nov.21,14:15:42,Std 3,3,21123_Hormones_Fredrik_std3,std_3,std,Standard,13,8.36,613047,1168267,4,01:03,0.525,8475,bb,13.14,1.1, Progesterone109
4,23.nov.21,14:25:52,Std 4,4,21123_Hormones_Fredrik_std4,std_4,std,Standard,6.5,8.37,275912,1032059,4,01:04,0.267,3455,bb,6.68,2.8, Progesterone109
5,23.nov.21,14:36:03,Std 5,5,21123_Hormones_Fredrik_std5,std_5,std,Standard,1.3,8.36,56189,1049448,4,01:05,0.054,699,bb,1.33,1.9, Progesterone109
6,23.nov.21,14:46:13,Std 6,6,21123_Hormones_Fredrik_std6,std_6,std,Standard,0.65,8.36,33291,1245025,4,01:06,0.027,596,bb,0.65,0.5, Progesterone109
7,23.nov.21,14:56:23,Std 7,7,21123_Hormones_Fredrik_std7,std_7,std,Standard,0.13,8.36,6980,1205110,4,01:07,0.006,97,bb,0.13,-1.2, Progesterone109
8,23.nov.21,15:06:33,L1 steroider P1 lot 4019,8,21123_Hormones_Fredrik_L1_P1,qc_1,qc,QC,0,8.36,3383,1456329,4,01:08,0.002,14,bb,0.04,, Progesterone109
9,23.nov.21,15:37:04,L1 steroider P2 lot 1019,9,21123_Hormones_Fredrik_L2_P1,qc_2,qc,QC,0,8.36,1122,1504738,4,01:11,0.001,10,db,0,, Progesterone109
10,23.nov.21,15:26:54,L3 steroider P1 lot 1019,10,21123_Hormones_Fredrik_L1_P3,qc_3,qc,QC,0,8.36,1180,1581592,4,01:10,0.001,14,bb,0,, Progesterone109
11,23.nov.21,15:16:43,L2 steroider P1 lot 0902,11,21123_Hormones_Fredrik_L1_P2,qc_4,qc,QC,0.894,8.37,57532,1552197,4,01:09,0.037,558,bb,0.91,2, Progesterone109
12,23.nov.21,15:47:15,L2 steroider P2 lot 1419,12,21123_Hormones_Fredrik_L2_P2,qc_5,qc,QC,9.48,8.36,617720,1554047,4,01:12,0.397,7891,bb,9.95,4.9, Progesterone109
13,23.nov.21,15:57:25,L3 steroider P2 lot 1419,13,21123_Hormones_Fredrik_L2_P3,qc_6,qc,QC,47.4,8.36,3109851,1521552,4,01:13,2.044,37900,bb,51.21,8, Progesterone109
14,23.nov.21,16:07:35,,14,21123_Hormones_Fredrik_1,H216,BAT05C,Analyte,,8.36,5562,1529603,4,01:14,0.004,45,bb,0.07,, Progesterone109
15,23.nov.21,16:17:45,,15,21123_Hormones_Fredrik_2,H243,aENT,Analyte,,8.36,25407,1251892,4,01:15,0.02,295,bd,0.49,, Progesterone109
16,23.nov.21,16:27:55,,16,21123_Hormones_Fredrik_3,H222,BAT05C,Analyte,,8.36,9512,1339243,4,01:16,0.007,128,bb,0.16,, Progesterone109
17,23.nov.21,16:38:05,,17,21123_Hormones_Fredrik_4,H245,IBE1,Analyte,,8.36,126319,1255368,4,01:17,0.101,1660,bd,2.51,, Progesterone109
18,23.nov.21,16:48:16,,18,21123_Hormones_Fredrik_5,H263,BAT05C,Analyte,,8.36,8361,1511310,4,01:18,0.006,95,bd,0.12,, Progesterone109
19,23.nov.21,16:58:26,,19,21123_Hormones_Fredrik_6,H241,aENT,Analyte,,8.36,15343,1528211,4,01:19,0.01,198,bd,0.23,, Progesterone109
20,23.nov.21,17:08:36,,20,21123_Hormones_Fredrik_7,H298,BAT05C,Analyte,,8.37,8995,1512181,4,01:20,0.006,114,bd,0.13,, Progesterone109
21,23.nov.21,17:18:46,,21,21123_Hormones_Fredrik_8,H276,BAT05C,Analyte,,8.36,8582,1505282,4,01:21,0.006,57,bd,0.13,, Progesterone109
22,23.nov.21,17:28:56,,22,21123_Hormones_Fredrik_9,H254,aENT,Analyte,,8.36,17896,1466237,4,01:22,0.012,151,bd,0.29,, Progesterone109
23,23.nov.21,17:39:06,,23,21123_Hormones_Fredrik_10,H250,BAT3C,Analyte,,8.36,10834,1312964,4,01:23,0.008,116,bb,0.19,, Progesterone109
24,23.nov.21,17:49:17,,24,21123_Hormones_Fredrik_11,H300,BAT3C,Analyte,,8.36,5788,1461497,4,01:24,0.004,31,bb,0.08,, Progesterone109
25,23.nov.21,17:59:26,,25,21123_Hormones_Fredrik_12,H248,BAT3C,Analyte,,8.36,8902,1427882,4,01:25,0.006,94,bd,0.14,, Progesterone109
26,23.nov.21,18:09:37,,26,21123_Hormones_Fredrik_13,H230,aENT,Analyte,,8.36,28518,1504543,4,01:26,0.019,310,bb,0.46,, Progesterone109
27,23.nov.21,18:19:48,,27,21123_Hormones_Fredrik_14,H299,TEST,Analyte,,8.37,300455,1406955,4,01:27,0.214,4653,bb,5.34,, Progesterone109
28,23.nov.21,18:29:58,,28,21123_Hormones_Fredrik_15,H319,aENT,Analyte,,8.36,27395,1224187,4,01:28,0.022,266,db,0.54,, Progesterone109
29,23.nov.21,18:40:09,,29,21123_Hormones_Fredrik_16,H307,aENT,Analyte,,8.36,28438,1338885,4,01:29,0.021,391,bd,0.52,, Progesterone109
30,23.nov.21,18:50:20,,30,21123_Hormones_Fredrik_17,H236,BAT3C,Analyte,,8.37,9518,1404668,4,01:30,0.007,214,bb,0.15,, Progesterone109
31,23.nov.21,19:00:30,,31,21123_Hormones_Fredrik_18,H224,IBE1,Analyte,,8.37,98197,1465772,4,01:31,0.067,1586,bd,1.66,, Progesterone109
32,23.nov.21,19:10:41,,32,21123_Hormones_Fredrik_19,H278,IBE1,Analyte,,8.37,286340,1565138,4,01:32,0.183,3461,bb,4.57,, Progesterone109
33,23.nov.21,19:20:50,,33,21123_Hormones_Fredrik_20,H211,IBE12,Analyte,,8.37,68138,1526982,4,01:33,0.045,1432,bb,1.1,, Progesterone109
34,23.nov.21,19:31:01,,34,21123_Hormones_Fredrik_21,H274,IBE12,Analyte,,8.37,22513,1678519,4,01:34,0.013,193,bb,0.32,, Progesterone109
35,23.nov.21,19:41:11,,35,21123_Hormones_Fredrik_22,H327,IBE12,Analyte,,8.36,64820,1525347,4,01:35,0.042,1044,bb,1.05,, Progesterone109
36,23.nov.21,19:51:22,,36,21123_Hormones_Fredrik_23,H273,BAT3C,Analyte,,8.36,6602,1473388,4,01:36,0.004,67,bb,0.1,, Progesterone109
37,23.nov.21,20:01:32,,37,21123_Hormones_Fredrik_24,H264,IBE1,Analyte,,8.37,248010,1485064,4,01:37,0.167,2518,bb,4.17,, Progesterone109
38,23.nov.21,20:11:42,,38,21123_Hormones_Fredrik_25,H301,IBE12,Analyte,,8.37,58856,1641840,4,01:38,0.036,1276,bd,0.88,, Progesterone109
39,23.nov.21,20:21:52,,39,21123_Hormones_Fredrik_26,H275,IBE12,Analyte,,8.37,43312,1538744,4,01:39,0.028,408,bb,0.69,, Progesterone109
40,23.nov.21,20:32:02,,40,21123_Hormones_Fredrik_27,H268,IBE1,Analyte,,8.37,88868,1573786,4,01:40,0.056,855,bd,1.4,, Progesterone109
41,23.nov.21,20:42:13,Std 1 ,41,21123_Hormones_Fredrik_std1_2,std_1_2,std,Standard,130,8.37,6101749,1230229,4,01:01,4.96,77586,bb,124.31,-4.4, Progesterone109
42,23.nov.21,20:52:23,Std 2 ,42,21123_Hormones_Fredrik_std2_2,std_2_2,std,Standard,65,8.37,3315813,1261702,4,01:02,2.628,80833,bb,65.86,1.3, Progesterone109
43,23.nov.21,21:02:33,Std 3,43,21123_Hormones_Fredrik_std3_2,std_3_2,std,Standard,13,8.37,621867,1196433,4,01:03,0.52,9880,bb,13.01,0.1, Progesterone109
44,23.nov.21,21:12:43,Std 4,44,21123_Hormones_Fredrik_std4_2,std_4_2,std,Standard,6.5,8.37,282662,1063674,4,01:04,0.266,7963,bb,6.64,2.2, Progesterone109
45,23.nov.21,21:22:53,Std 5,45,21123_Hormones_Fredrik_std5_2,std_5_2,std,Standard,1.3,8.37,56458,1055769,4,01:05,0.053,680,bb,1.32,1.8, Progesterone109
46,23.nov.21,21:33:04,Std 6,46,21123_Hormones_Fredrik_std6_2,std_6_2,std,Standard,0.65,8.37,34274,1276515,4,01:06,0.027,741,bb,0.66,1, Progesterone109
47,23.nov.21,21:43:15,Std 7,47,21123_Hormones_Fredrik_std7_2,std_7_2,std,Standard,0.13,8.37,7317,1246379,4,01:07,0.006,102,bb,0.13,0.3, Progesterone109
48,23.nov.21,21:53:25,L1 steroider P1 lot 4019,48,21123_Hormones_Fredrik_L1_P1_2,L1_P1_2,qc,QC,0,8.37,1918,1509707,4,01:08,0.001,20,db,0.02,, Progesterone109
49,23.nov.21,22:23:56,L1 steroider P2 lot 1019,49,21123_Hormones_Fredrik_L2_P1_2,L2_P1_2,qc,QC,0,8.37,1962,1522047,4,01:11,0.001,10,db,0.02,, Progesterone109
50,23.nov.21,22:13:46,L3 steroider P1 lot 1019,50,21123_Hormones_Fredrik_L1_P3_2,L1_P3_2,qc,QC,0,8.36,1189,1616571,4,01:10,0.001,8,bb,0,, Progesterone109
51,23.nov.21,22:03:36,L2 steroider P1 lot 0902,51,21123_Hormones_Fredrik_L1_P2_2,L1_P2_2,qc,QC,0.894,8.37,60281,1603125,4,01:09,0.038,759,bb,0.93,3.6, Progesterone109
52,23.nov.21,22:34:06,L2 steroider P2 lot 1419,52,21123_Hormones_Fredrik_L2_P2_2,L2_P2_2,qc,QC,9.48,8.37,636924,1596024,4,01:12,0.399,7450,bb,9.99,5.3, Progesterone109
53,23.nov.21,22:44:15,L3 steroider P2 lot 1419,53,21123_Hormones_Fredrik_L2_P3_2,L2_P3_2,qc,QC,47.4,8.37,3163345,1552645,4,01:13,2.037,31249,bb,51.05,7.7, Progesterone109
1,23.nov.21,13:55:22,Std 1 ,1,21123_Hormones_Fredrik_std1,std_1,std,Standard,2080,3.62,10822646,3072467,4,01:01,3.522,432,bb,1925.24,-7.4,Cortisol121
2,23.nov.21,14:05:33,Std 2 ,2,21123_Hormones_Fredrik_std2,std_2,std,Standard,1040,3.63,6378180,3415200,4,01:02,1.868,38074,bb,1020.68,-1.9,Cortisol121
3,23.nov.21,14:15:42,Std 3,3,21123_Hormones_Fredrik_std3,std_3,std,Standard,208,3.63,1446157,3821897,4,01:03,0.378,334,bb,206.67,-0.6,Cortisol121
4,23.nov.21,14:25:52,Std 4,4,21123_Hormones_Fredrik_std4,std_4,std,Standard,104,3.63,719886,3460825,4,01:04,0.208,4537,bb,113.55,9.2,Cortisol121
5,23.nov.21,14:36:03,Std 5,5,21123_Hormones_Fredrik_std5,std_5,std,Standard,20.8,3.63,144686,3588376,4,01:05,0.04,309,bb,21.89,5.2,Cortisol121
6,23.nov.21,14:46:13,Std 6,6,21123_Hormones_Fredrik_std6,std_6,std,Standard,10.4,3.63,81019,4078228,4,01:06,0.02,311,bb,10.71,2.9,Cortisol121
7,23.nov.21,14:56:23,Std 7,7,21123_Hormones_Fredrik_std7,std_7,std,Standard,2.08,3.63,17058,4109712,4,01:07,0.004,84,bb,2.11,1.7,Cortisol121
8,23.nov.21,15:06:33,L1 steroider P1 lot 4019,8,21123_Hormones_Fredrik_L1_P1,qc_1,qc,QC,68.8,3.63,731417,4541573,4,01:08,0.161,140,bb,87.88,27.7,Cortisol121
9,23.nov.21,15:37:04,L1 steroider P2 lot 1019,9,21123_Hormones_Fredrik_L2_P1,qc_2,qc,QC,165,3.63,1409335,4304033,4,01:11,0.327,5558,bb,178.83,8.4,Cortisol121
10,23.nov.21,15:26:54,L3 steroider P1 lot 1019,10,21123_Hormones_Fredrik_L1_P3,qc_3,qc,QC,481,3.63,4472635,4230042,4,01:10,1.057,16677,bb,577.8,20.1,Cortisol121
11,23.nov.21,15:16:43,L2 steroider P1 lot 0902,11,21123_Hormones_Fredrik_L1_P2,qc_4,qc,QC,0,3.64,1458,4830871,4,01:09,0,8,db,0.01,,Cortisol121
12,23.nov.21,15:47:15,L2 steroider P2 lot 1419,12,21123_Hormones_Fredrik_L2_P2,qc_5,qc,QC,0,3.65,978,4414304,4,01:12,0,8,bbI,,,Cortisol121
13,23.nov.21,15:57:25,L3 steroider P2 lot 1419,13,21123_Hormones_Fredrik_L2_P3,qc_6,qc,QC,0,3.64,2152,4311589,4,01:13,0,16,bb,0.12,,Cortisol121
14,23.nov.21,16:07:35,,14,21123_Hormones_Fredrik_1,H216,BAT05C,Analyte,,3.63,15915,4602343,4,01:14,0.003,83,bd,1.74,,Cortisol121
15,23.nov.21,16:17:45,,15,21123_Hormones_Fredrik_2,H243,aENT,Analyte,,3.63,15132,3830970,4,01:15,0.004,63,bb,2.01,,Cortisol121
16,23.nov.21,16:27:55,,16,21123_Hormones_Fredrik_3,H222,BAT05C,Analyte,,3.63,19062,4389314,4,01:16,0.004,124,bb,2.22,,Cortisol121
17,23.nov.21,16:38:05,,17,21123_Hormones_Fredrik_4,H245,IBE1,Analyte,,3.63,35101,4358221,4,01:17,0.008,114,bb,4.25,,Cortisol121
18,23.nov.21,16:48:16,,18,21123_Hormones_Fredrik_5,H263,BAT05C,Analyte,,3.63,24998,4512958,4,01:18,0.006,170,bb,2.87,,Cortisol121
19,23.nov.21,16:58:26,,19,21123_Hormones_Fredrik_6,H241,aENT,Analyte,,3.63,18213,4618124,4,01:19,0.004,114,bb,2,,Cortisol121
20,23.nov.21,17:08:36,,20,21123_Hormones_Fredrik_7,H298,BAT05C,Analyte,,3.63,12165,4579789,4,01:20,0.003,63,bd,1.3,,Cortisol121
21,23.nov.21,17:18:46,,21,21123_Hormones_Fredrik_8,H276,BAT05C,Analyte,,3.63,17817,4478647,4,01:21,0.004,115,bb,2.02,,Cortisol121
22,23.nov.21,17:28:56,,22,21123_Hormones_Fredrik_9,H254,aENT,Analyte,,3.63,12642,4433426,4,01:22,0.003,48,bd,1.4,,Cortisol121
23,23.nov.21,17:39:06,,23,21123_Hormones_Fredrik_10,H250,BAT3C,Analyte,,3.63,18119,4282881,4,01:23,0.004,114,bb,2.16,,Cortisol121
24,23.nov.21,17:49:17,,24,21123_Hormones_Fredrik_11,H300,BAT3C,Analyte,,3.63,15252,4552881,4,01:24,0.003,52,bb,1.68,,Cortisol121
25,23.nov.21,17:59:26,,25,21123_Hormones_Fredrik_12,H248,BAT3C,Analyte,,3.63,23714,4103385,4,01:25,0.006,138,bb,3.01,,Cortisol121
26,23.nov.21,18:09:37,,26,21123_Hormones_Fredrik_13,H230,aENT,Analyte,,3.63,10621,4461127,4,01:26,0.002,55,bb,1.15,,Cortisol121
27,23.nov.21,18:19:48,,27,21123_Hormones_Fredrik_14,H299,TEST,Analyte,,3.63,881610,3932213,4,01:27,0.224,3694,bb,122.4,,Cortisol121
28,23.nov.21,18:29:58,,28,21123_Hormones_Fredrik_15,H319,aENT,Analyte,,3.63,4645,3719115,4,01:28,0.001,20,bb,0.53,,Cortisol121
29,23.nov.21,18:40:09,,29,21123_Hormones_Fredrik_16,H307,aENT,Analyte,,3.63,13663,4267350,4,01:29,0.003,59,bd,1.6,,Cortisol121
30,23.nov.21,18:50:20,,30,21123_Hormones_Fredrik_17,H236,BAT3C,Analyte,,3.63,13516,4282804,4,01:30,0.003,23,bb,1.57,,Cortisol121
31,23.nov.21,19:00:30,,31,21123_Hormones_Fredrik_18,H224,IBE1,Analyte,,3.63,26489,4547854,4,01:31,0.006,97,bb,3.03,,Cortisol121
32,23.nov.21,19:10:41,,32,21123_Hormones_Fredrik_19,H278,IBE1,Analyte,,3.63,79124,4636822,4,01:32,0.017,517,bd,9.17,,Cortisol121
33,23.nov.21,19:20:50,,33,21123_Hormones_Fredrik_20,H211,IBE12,Analyte,,3.62,14426,4500537,4,01:33,0.003,130,bb,1.6,,Cortisol121
34,23.nov.21,19:31:01,,34,21123_Hormones_Fredrik_21,H274,IBE12,Analyte,,3.64,17782,4931079,4,01:34,0.004,125,bb,1.82,,Cortisol121
35,23.nov.21,19:41:11,,35,21123_Hormones_Fredrik_22,H327,IBE12,Analyte,,3.63,34761,4662877,4,01:35,0.007,111,bb,3.92,,Cortisol121
36,23.nov.21,19:51:22,,36,21123_Hormones_Fredrik_23,H273,BAT3C,Analyte,,3.64,19962,4528953,4,01:36,0.004,112,bb,2.26,,Cortisol121
37,23.nov.21,20:01:32,,37,21123_Hormones_Fredrik_24,H264,IBE1,Analyte,,3.63,63743,4543346,4,01:37,0.014,527,bb,7.52,,Cortisol121
38,23.nov.21,20:11:42,,38,21123_Hormones_Fredrik_25,H301,IBE12,Analyte,,3.63,147940,4799959,4,01:38,0.031,962,bb,16.69,,Cortisol121
39,23.nov.21,20:21:52,,39,21123_Hormones_Fredrik_26,H275,IBE12,Analyte,,3.63,42986,4730018,4,01:39,0.009,217,bb,4.81,,Cortisol121
40,23.nov.21,20:32:02,,40,21123_Hormones_Fredrik_27,H268,IBE1,Analyte,,3.63,43682,4674086,4,01:40,0.009,308,bb,4.95,,Cortisol121
41,23.nov.21,20:42:13,Std 1 ,41,21123_Hormones_Fredrik_std1_2,std_1_2,std,Standard,2080,3.63,10608110,2970217,4,01:01,3.571,32931,bb,1952.04,-6.2,Cortisol121
42,23.nov.21,20:52:23,Std 2 ,42,21123_Hormones_Fredrik_std2_2,std_2_2,std,Standard,1040,3.63,6631956,3433610,4,01:02,1.931,24659,bb,1055.6,1.5,Cortisol121
43,23.nov.21,21:02:33,Std 3,43,21123_Hormones_Fredrik_std3_2,std_3_2,std,Standard,208,3.64,1476927,3866259,4,01:03,0.382,6718,bb,208.65,0.3,Cortisol121
44,23.nov.21,21:12:43,Std 4,44,21123_Hormones_Fredrik_std4_2,std_4_2,std,Standard,104,3.64,690530,3558808,4,01:04,0.194,5558,bb,105.91,1.8,Cortisol121
45,23.nov.21,21:22:53,Std 5,45,21123_Hormones_Fredrik_std5_2,std_5_2,std,Standard,20.8,3.63,140415,3631112,4,01:05,0.039,421,bb,20.98,0.9,Cortisol121
46,23.nov.21,21:33:04,Std 6,46,21123_Hormones_Fredrik_std6_2,std_6_2,std,Standard,10.4,3.63,81200,4200386,4,01:06,0.019,735,bb,10.41,0.1,Cortisol121
47,23.nov.21,21:43:15,Std 7,47,21123_Hormones_Fredrik_std7_2,std_7_2,std,Standard,2.08,3.64,16423,4131517,4,01:07,0.004,99,bb,2.02,-2.9,Cortisol121
48,23.nov.21,21:53:25,L1 steroider P1 lot 4019,48,21123_Hormones_Fredrik_L1_P1_2,L1_P1_2,qc,QC,68.8,3.64,749916,4785075,4,01:08,0.157,83,bb,85.51,24.3,Cortisol121
49,23.nov.21,22:23:56,L1 steroider P2 lot 1019,49,21123_Hormones_Fredrik_L2_P1_2,L2_P1_2,qc,QC,165,3.63,1416633,4186233,4,01:11,0.338,10011,bb,184.82,12,Cortisol121
50,23.nov.21,22:13:46,L3 steroider P1 lot 1019,50,21123_Hormones_Fredrik_L1_P3_2,L1_P3_2,qc,QC,481,3.63,4588589,4123246,4,01:10,1.113,10599,bb,608.14,26.4,Cortisol121
51,23.nov.21,22:03:36,L2 steroider P1 lot 0902,51,21123_Hormones_Fredrik_L1_P2_2,L1_P2_2,qc,QC,0,3.63,1613,4850842,4,01:09,0,13,bb,0.03,,Cortisol121
52,23.nov.21,22:34:06,L2 steroider P2 lot 1419,52,21123_Hormones_Fredrik_L2_P2_2,L2_P2_2,qc,QC,0,3.62,1358,4637240,4,01:12,0,12,bb,0.01,,Cortisol121
53,23.nov.21,22:44:15,L3 steroider P2 lot 1419,53,21123_Hormones_Fredrik_L2_P3_2,L2_P3_2,qc,QC,0,3.62,3006,4406697,4,01:13,0.001,26,bb,0.22,,Cortisol121
1,23.nov.21,13:55:22,Std 1 ,1,21123_Hormones_Fredrik_std1,std_1,std,Standard,130,4.98,2848215,236781,4,01:01,12.029,18395,bb,118.95,-8.5,11-Deoxycortisol109
2,23.nov.21,14:05:33,Std 2 ,2,21123_Hormones_Fredrik_std2,std_2,std,Standard,65,4.98,1526619,225830,4,01:02,6.76,13739,bb,66.78,2.7,11-Deoxycortisol109
3,23.nov.21,14:15:42,Std 3,3,21123_Hormones_Fredrik_std3,std_3,std,Standard,13,4.98,292300,212700,4,01:03,1.374,2906,bb,13.46,3.5,11-Deoxycortisol109
4,23.nov.21,14:25:52,Std 4,4,21123_Hormones_Fredrik_std4,std_4,std,Standard,6.5,4.98,130589,201793,4,01:04,0.647,734,bb,6.26,-3.7,11-Deoxycortisol109
5,23.nov.21,14:36:03,Std 5,5,21123_Hormones_Fredrik_std5,std_5,std,Standard,1.3,4.98,29683,183284,4,01:05,0.162,305,bb,1.45,11.9,11-Deoxycortisol109
6,23.nov.21,14:46:13,Std 6,6,21123_Hormones_Fredrik_std6,std_6,std,Standard,0.65,4.98,18332,229393,4,01:06,0.08,164,bb,0.64,-1.1,11-Deoxycortisol109
7,23.nov.21,14:56:23,Std 7,7,21123_Hormones_Fredrik_std7,std_7,std,Standard,0.13,4.98,6042,219846,4,01:07,0.027,40,db,0.12,-5,11-Deoxycortisol109
8,23.nov.21,15:06:33,L1 steroider P1 lot 4019,8,21123_Hormones_Fredrik_L1_P1,qc_1,qc,QC,0.924,4.98,34519,292989,4,01:08,0.118,257,bb,1.02,10.2,11-Deoxycortisol109
9,23.nov.21,15:37:04,L1 steroider P2 lot 1019,9,21123_Hormones_Fredrik_L2_P1,qc_2,qc,QC,4.29,4.98,128519,263471,4,01:11,0.488,943,bb,4.68,9.1,11-Deoxycortisol109
10,23.nov.21,15:26:54,L3 steroider P1 lot 1019,10,21123_Hormones_Fredrik_L1_P3,qc_3,qc,QC,28,4.98,891500,282996,4,01:10,3.15,4593,bb,31.04,10.9,11-Deoxycortisol109
11,23.nov.21,15:16:43,L2 steroider P1 lot 0902,11,21123_Hormones_Fredrik_L1_P2,qc_4,qc,QC,0,4.98,3425,278157,4,01:09,0.012,24,bbI,,,11-Deoxycortisol109
12,23.nov.21,15:47:15,L2 steroider P2 lot 1419,12,21123_Hormones_Fredrik_L2_P2,qc_5,qc,QC,0,4.98,3635,275132,4,01:12,0.013,23,bbI,,,11-Deoxycortisol109
13,23.nov.21,15:57:25,L3 steroider P2 lot 1419,13,21123_Hormones_Fredrik_L2_P3,qc_6,qc,QC,0,4.98,3581,256383,4,01:13,0.014,34,bbI,,,11-Deoxycortisol109
14,23.nov.21,16:07:35,,14,21123_Hormones_Fredrik_1,H216,BAT05C,Analyte,,4.98,5060,281148,4,01:14,0.018,28,bb,0.03,,11-Deoxycortisol109
15,23.nov.21,16:17:45,,15,21123_Hormones_Fredrik_2,H243,aENT,Analyte,,,,225941,4,01:15,,,,,,11-Deoxycortisol109
16,23.nov.21,16:27:55,,16,21123_Hormones_Fredrik_3,H222,BAT05C,Analyte,,4.98,4085,266386,4,01:16,0.015,13,bb,0,,11-Deoxycortisol109
17,23.nov.21,16:38:05,,17,21123_Hormones_Fredrik_4,H245,IBE1,Analyte,,4.98,2948,256285,4,01:17,0.012,18,bbI,,,11-Deoxycortisol109
18,23.nov.21,16:48:16,,18,21123_Hormones_Fredrik_5,H263,BAT05C,Analyte,,4.98,2823,287172,4,01:18,0.01,20,bbI,,,11-Deoxycortisol109
19,23.nov.21,16:58:26,,19,21123_Hormones_Fredrik_6,H241,aENT,Analyte,,4.99,4029,280118,4,01:19,0.014,23,bbI,,,11-Deoxycortisol109
20,23.nov.21,17:08:36,,20,21123_Hormones_Fredrik_7,H298,BAT05C,Analyte,,4.98,3086,273402,4,01:20,0.011,10,bbI,,,11-Deoxycortisol109
21,23.nov.21,17:18:46,,21,21123_Hormones_Fredrik_8,H276,BAT05C,Analyte,,4.98,4430,269344,4,01:21,0.016,12,db,0.01,,11-Deoxycortisol109
22,23.nov.21,17:28:56,,22,21123_Hormones_Fredrik_9,H254,aENT,Analyte,,4.98,3314,255955,4,01:22,0.013,17,bbI,,,11-Deoxycortisol109
23,23.nov.21,17:39:06,,23,21123_Hormones_Fredrik_10,H250,BAT3C,Analyte,,4.98,3823,241937,4,01:23,0.016,12,bd,0.01,,11-Deoxycortisol109
24,23.nov.21,17:49:17,,24,21123_Hormones_Fredrik_11,H300,BAT3C,Analyte,,4.98,4868,265277,4,01:24,0.018,19,bb,0.03,,11-Deoxycortisol109
25,23.nov.21,17:59:26,,25,21123_Hormones_Fredrik_12,H248,BAT3C,Analyte,,4.98,2834,236819,4,01:25,0.012,11,ddI,,,11-Deoxycortisol109
26,23.nov.21,18:09:37,,26,21123_Hormones_Fredrik_13,H230,aENT,Analyte,,4.98,3753,266908,4,01:26,0.014,21,bbI,,,11-Deoxycortisol109
27,23.nov.21,18:19:48,,27,21123_Hormones_Fredrik_14,H299,TEST,Analyte,,4.98,3249,239589,4,01:27,0.014,12,bbI,,,11-Deoxycortisol109
28,23.nov.21,18:29:58,,28,21123_Hormones_Fredrik_15,H319,aENT,Analyte,,4.98,2464,222063,4,01:28,0.011,8,bbI,,,11-Deoxycortisol109
29,23.nov.21,18:40:09,,29,21123_Hormones_Fredrik_16,H307,aENT,Analyte,,4.99,3955,254068,4,01:29,0.016,12,bb,0.01,,11-Deoxycortisol109
30,23.nov.21,18:50:20,,30,21123_Hormones_Fredrik_17,H236,BAT3C,Analyte,,4.98,2722,253019,4,01:30,0.011,20,bbI,,,11-Deoxycortisol109
31,23.nov.21,19:00:30,,31,21123_Hormones_Fredrik_18,H224,IBE1,Analyte,,,,279047,4,01:31,,,,,,11-Deoxycortisol109
32,23.nov.21,19:10:41,,32,21123_Hormones_Fredrik_19,H278,IBE1,Analyte,,4.98,3928,280792,4,01:32,0.014,11,bbI,,,11-Deoxycortisol109
33,23.nov.21,19:20:50,,33,21123_Hormones_Fredrik_20,H211,IBE12,Analyte,,4.98,2345,278364,4,01:33,0.008,6,bbI,,,11-Deoxycortisol109
34,23.nov.21,19:31:01,,34,21123_Hormones_Fredrik_21,H274,IBE12,Analyte,,4.98,4170,298337,4,01:34,0.014,18,bbI,,,11-Deoxycortisol109
35,23.nov.21,19:41:11,,35,21123_Hormones_Fredrik_22,H327,IBE12,Analyte,,4.98,3866,282370,4,01:35,0.014,13,bbI,,,11-Deoxycortisol109
36,23.nov.21,19:51:22,,36,21123_Hormones_Fredrik_23,H273,BAT3C,Analyte,,4.98,2839,279707,4,01:36,0.01,12,bbI,,,11-Deoxycortisol109
37,23.nov.21,20:01:32,,37,21123_Hormones_Fredrik_24,H264,IBE1,Analyte,,4.98,3340,263996,4,01:37,0.013,32,dbI,,,11-Deoxycortisol109
38,23.nov.21,20:11:42,,38,21123_Hormones_Fredrik_25,H301,IBE12,Analyte,,4.98,4059,296818,4,01:38,0.014,30,bbI,,,11-Deoxycortisol109
39,23.nov.21,20:21:52,,39,21123_Hormones_Fredrik_26,H275,IBE12,Analyte,,4.98,3610,276004,4,01:39,0.013,21,bbI,,,11-Deoxycortisol109
40,23.nov.21,20:32:02,,40,21123_Hormones_Fredrik_27,H268,IBE1,Analyte,,4.98,4075,288924,4,01:40,0.014,27,bbI,,,11-Deoxycortisol109
41,23.nov.21,20:42:13,Std 1 ,41,21123_Hormones_Fredrik_std1_2,std_1_2,std,Standard,130,4.98,2759513,217403,4,01:01,12.693,19553,bb,125.52,-3.4,11-Deoxycortisol109
42,23.nov.21,20:52:23,Std 2 ,42,21123_Hormones_Fredrik_std2_2,std_2_2,std,Standard,65,4.98,1592940,230646,4,01:02,6.906,8107,bb,68.23,5,11-Deoxycortisol109
43,23.nov.21,21:02:33,Std 3,43,21123_Hormones_Fredrik_std3_2,std_3_2,std,Standard,13,4.98,310441,223444,4,01:03,1.389,2508,bb,13.61,4.7,11-Deoxycortisol109
44,23.nov.21,21:12:43,Std 4,44,21123_Hormones_Fredrik_std4_2,std_4_2,std,Standard,6.5,4.98,136418,194249,4,01:04,0.702,1107,bb,6.8,4.7,11-Deoxycortisol109
45,23.nov.21,21:22:53,Std 5,45,21123_Hormones_Fredrik_std5_2,std_5_2,std,Standard,1.3,4.99,26084,195668,4,01:05,0.133,240,bb,1.17,-9.9,11-Deoxycortisol109
46,23.nov.21,21:33:04,Std 6,46,21123_Hormones_Fredrik_std6_2,std_6_2,std,Standard,0.65,4.98,19833,240536,4,01:06,0.082,115,bb,0.67,2.7,11-Deoxycortisol109
47,23.nov.21,21:43:15,Std 7,47,21123_Hormones_Fredrik_std7_2,std_7_2,std,Standard,0.13,4.99,6474,224736,4,01:07,0.029,21,bb,0.14,5.1,11-Deoxycortisol109
48,23.nov.21,21:53:25,L1 steroider P1 lot 4019,48,21123_Hormones_Fredrik_L1_P1_2,L1_P1_2,qc,QC,0.924,4.98,35159,294852,4,01:08,0.119,164,bb,1.03,11.7,11-Deoxycortisol109
49,23.nov.21,22:23:56,L1 steroider P2 lot 1019,49,21123_Hormones_Fredrik_L2_P1_2,L2_P1_2,qc,QC,4.29,4.98,123808,260813,4,01:11,0.475,953,bb,4.55,6.1,11-Deoxycortisol109
50,23.nov.21,22:13:46,L3 steroider P1 lot 1019,50,21123_Hormones_Fredrik_L1_P3_2,L1_P3_2,qc,QC,28,4.98,939556,284861,4,01:10,3.298,4209,bb,32.51,16.1,11-Deoxycortisol109
51,23.nov.21,22:03:36,L2 steroider P1 lot 0902,51,21123_Hormones_Fredrik_L1_P2_2,L1_P2_2,qc,QC,0,4.99,4066,285320,4,01:09,0.014,16,bbI,,,11-Deoxycortisol109
52,23.nov.21,22:34:06,L2 steroider P2 lot 1419,52,21123_Hormones_Fredrik_L2_P2_2,L2_P2_2,qc,QC,0,4.98,4540,273886,4,01:12,0.017,25,bb,0.02,,11-Deoxycortisol109
53,23.nov.21,22:44:15,L3 steroider P2 lot 1419,53,21123_Hormones_Fredrik_L2_P3_2,L2_P3_2,qc,QC,0,4.98,3769,270635,4,01:13,0.014,27,bbI,,,11-Deoxycortisol109
1,23.nov.21,13:55:22,Std 1 ,1,21123_Hormones_Fredrik_std1,std_1,std,Standard,130,4.77,806832,161712,4,01:01,4.989,6265,bb,121.44,-6.6, Corticosterone329
2,23.nov.21,14:05:33,Std 2 ,2,21123_Hormones_Fredrik_std2,std_2,std,Standard,65,4.77,450656,168870,4,01:02,2.669,2737,bb,64.92,-0.1, Corticosterone329
3,23.nov.21,14:15:42,Std 3,3,21123_Hormones_Fredrik_std3,std_3,std,Standard,13,4.77,85893,149608,4,01:03,0.574,769,bb,13.91,7, Corticosterone329
4,23.nov.21,14:25:52,Std 4,4,21123_Hormones_Fredrik_std4,std_4,std,Standard,6.5,4.78,39991,136473,4,01:04,0.293,196,bb,7.06,8.6, Corticosterone329
5,23.nov.21,14:36:03,Std 5,5,21123_Hormones_Fredrik_std5,std_5,std,Standard,1.3,4.77,7673,139940,4,01:05,0.055,59,bb,1.26,-3.2, Corticosterone329
6,23.nov.21,14:46:13,Std 6,6,21123_Hormones_Fredrik_std6,std_6,std,Standard,0.65,4.78,4483,168107,4,01:06,0.027,24,bb,0.57,-12, Corticosterone329
7,23.nov.21,14:56:23,Std 7,7,21123_Hormones_Fredrik_std7,std_7,std,Standard,0.13,4.78,1406,169807,4,01:07,0.008,7,bb,0.12,-4.6, Corticosterone329
8,23.nov.21,15:06:33,L1 steroider P1 lot 4019,8,21123_Hormones_Fredrik_L1_P1,qc_1,qc,QC,2.51,4.77,24840,197536,4,01:08,0.126,236,bb,2.99,18.9, Corticosterone329
9,23.nov.21,15:37:04,L1 steroider P2 lot 1019,9,21123_Hormones_Fredrik_L2_P1,qc_2,qc,QC,11.8,4.77,98827,178508,4,01:11,0.554,652,bb,13.41,13.6, Corticosterone329
10,23.nov.21,15:26:54,L3 steroider P1 lot 1019,10,21123_Hormones_Fredrik_L1_P3,qc_3,qc,QC,82,4.77,794171,203408,4,01:10,3.904,7599,bb,95.01,15.9, Corticosterone329
11,23.nov.21,15:16:43,L2 steroider P1 lot 0902,11,21123_Hormones_Fredrik_L1_P2,qc_4,qc,QC,0,,,205011,4,01:09,,,,,, Corticosterone329
12,23.nov.21,15:47:15,L2 steroider P2 lot 1419,12,21123_Hormones_Fredrik_L2_P2,qc_5,qc,QC,0,,,191953,4,01:12,,,,,, Corticosterone329
13,23.nov.21,15:57:25,L3 steroider P2 lot 1419,13,21123_Hormones_Fredrik_L2_P3,qc_6,qc,QC,0,4.76,738,184711,4,01:13,0.004,4,db,0.02,, Corticosterone329
14,23.nov.21,16:07:35,,14,21123_Hormones_Fredrik_1,H216,BAT05C,Analyte,,4.77,2523,192809,4,01:14,0.013,7,bb,0.24,, Corticosterone329
15,23.nov.21,16:17:45,,15,21123_Hormones_Fredrik_2,H243,aENT,Analyte,,4.77,3212,149796,4,01:15,0.021,9,bb,0.44,, Corticosterone329
16,23.nov.21,16:27:55,,16,21123_Hormones_Fredrik_3,H222,BAT05C,Analyte,,4.78,2398,180180,4,01:16,0.013,14,bb,0.25,, Corticosterone329
17,23.nov.21,16:38:05,,17,21123_Hormones_Fredrik_4,H245,IBE1,Analyte,,4.77,6023,186184,4,01:17,0.032,31,bb,0.71,, Corticosterone329
18,23.nov.21,16:48:16,,18,21123_Hormones_Fredrik_5,H263,BAT05C,Analyte,,4.77,2006,188515,4,01:18,0.011,9,bb,0.18,, Corticosterone329
19,23.nov.21,16:58:26,,19,21123_Hormones_Fredrik_6,H241,aENT,Analyte,,4.78,2338,198662,4,01:19,0.012,10,bb,0.21,, Corticosterone329
20,23.nov.21,17:08:36,,20,21123_Hormones_Fredrik_7,H298,BAT05C,Analyte,,,,184058,4,01:20,,,,,, Corticosterone329
21,23.nov.21,17:18:46,,21,21123_Hormones_Fredrik_8,H276,BAT05C,Analyte,,4.77,2063,181383,4,01:21,0.011,16,bb,0.2,, Corticosterone329
22,23.nov.21,17:28:56,,22,21123_Hormones_Fredrik_9,H254,aENT,Analyte,,4.77,3057,178180,4,01:22,0.017,13,bb,0.34,, Corticosterone329
23,23.nov.21,17:39:06,,23,21123_Hormones_Fredrik_10,H250,BAT3C,Analyte,,4.78,2403,169404,4,01:23,0.014,7,bb,0.27,, Corticosterone329
24,23.nov.21,17:49:17,,24,21123_Hormones_Fredrik_11,H300,BAT3C,Analyte,,,,183742,4,01:24,,,,,, Corticosterone329
25,23.nov.21,17:59:26,,25,21123_Hormones_Fredrik_12,H248,BAT3C,Analyte,,4.77,2195,172359,4,01:25,0.013,11,bb,0.23,, Corticosterone329
26,23.nov.21,18:09:37,,26,21123_Hormones_Fredrik_13,H230,aENT,Analyte,,4.78,3402,187853,4,01:26,0.018,15,bb,0.36,, Corticosterone329
27,23.nov.21,18:19:48,,27,21123_Hormones_Fredrik_14,H299,TEST,Analyte,,4.78,87078,157342,4,01:27,0.553,484,bb,13.4,, Corticosterone329
28,23.nov.21,18:29:58,,28,21123_Hormones_Fredrik_15,H319,aENT,Analyte,,4.83,2247,149450,4,01:28,0.015,4,bb,0.29,, Corticosterone329
29,23.nov.21,18:40:09,,29,21123_Hormones_Fredrik_16,H307,aENT,Analyte,,4.77,2336,172487,4,01:29,0.014,12,bd,0.25,, Corticosterone329
30,23.nov.21,18:50:20,,30,21123_Hormones_Fredrik_17,H236,BAT3C,Analyte,,4.78,2456,170643,4,01:30,0.014,13,bd,0.27,, Corticosterone329
31,23.nov.21,19:00:30,,31,21123_Hormones_Fredrik_18,H224,IBE1,Analyte,,4.77,6412,183747,4,01:31,0.035,32,bb,0.77,, Corticosterone329
32,23.nov.21,19:10:41,,32,21123_Hormones_Fredrik_19,H278,IBE1,Analyte,,4.77,19760,190059,4,01:32,0.104,61,bb,2.45,, Corticosterone329
33,23.nov.21,19:20:50,,33,21123_Hormones_Fredrik_20,H211,IBE12,Analyte,,4.77,4354,196592,4,01:33,0.022,19,bb,0.46,, Corticosterone329
34,23.nov.21,19:31:01,,34,21123_Hormones_Fredrik_21,H274,IBE12,Analyte,,4.77,3531,204063,4,01:34,0.017,19,db,0.34,, Corticosterone329
35,23.nov.21,19:41:11,,35,21123_Hormones_Fredrik_22,H327,IBE12,Analyte,,4.77,12565,181368,4,01:35,0.069,55,bb,1.61,, Corticosterone329
36,23.nov.21,19:51:22,,36,21123_Hormones_Fredrik_23,H273,BAT3C,Analyte,,,,182978,4,01:36,,,,,, Corticosterone329
37,23.nov.21,20:01:32,,37,21123_Hormones_Fredrik_24,H264,IBE1,Analyte,,4.77,21019,183585,4,01:37,0.114,86,bb,2.71,, Corticosterone329
38,23.nov.21,20:11:42,,38,21123_Hormones_Fredrik_25,H301,IBE12,Analyte,,4.77,13194,200322,4,01:38,0.066,48,bb,1.53,, Corticosterone329
39,23.nov.21,20:21:52,,39,21123_Hormones_Fredrik_26,H275,IBE12,Analyte,,4.77,8801,182050,4,01:39,0.048,42,bb,1.1,, Corticosterone329
40,23.nov.21,20:32:02,,40,21123_Hormones_Fredrik_27,H268,IBE1,Analyte,,4.78,9942,194474,4,01:40,0.051,27,bb,1.17,, Corticosterone329
41,23.nov.21,20:42:13,Std 1 ,41,21123_Hormones_Fredrik_std1_2,std_1_2,std,Standard,130,4.78,781217,153204,4,01:01,5.099,2264,bb,124.11,-4.5, Corticosterone329
42,23.nov.21,20:52:23,Std 2 ,42,21123_Hormones_Fredrik_std2_2,std_2_2,std,Standard,65,4.78,462230,163069,4,01:02,2.835,2418,bb,68.96,6.1, Corticosterone329
43,23.nov.21,21:02:33,Std 3,43,21123_Hormones_Fredrik_std3_2,std_3_2,std,Standard,13,4.77,90228,151097,4,01:03,0.597,740,bb,14.47,11.3, Corticosterone329
44,23.nov.21,21:12:43,Std 4,44,21123_Hormones_Fredrik_std4_2,std_4_2,std,Standard,6.5,4.78,37818,138775,4,01:04,0.273,238,bb,6.56,0.9, Corticosterone329
45,23.nov.21,21:22:53,Std 5,45,21123_Hormones_Fredrik_std5_2,std_5_2,std,Standard,1.3,4.78,8406,140336,4,01:05,0.06,47,bb,1.38,6.3, Corticosterone329
46,23.nov.21,21:33:04,Std 6,46,21123_Hormones_Fredrik_std6_2,std_6_2,std,Standard,0.65,4.78,4621,169609,4,01:06,0.027,35,bb,0.59,-9.9, Corticosterone329
47,23.nov.21,21:43:15,Std 7,47,21123_Hormones_Fredrik_std7_2,std_7_2,std,Standard,0.13,4.78,1507,158746,4,01:07,0.009,19,bb,0.15,18.1, Corticosterone329
48,23.nov.21,21:53:25,L1 steroider P1 lot 4019,48,21123_Hormones_Fredrik_L1_P1_2,L1_P1_2,qc,QC,2.51,4.78,25397,209762,4,01:08,0.121,131,db,2.87,14.4, Corticosterone329
49,23.nov.21,22:23:56,L1 steroider P2 lot 1019,49,21123_Hormones_Fredrik_L2_P1_2,L2_P1_2,qc,QC,11.8,4.78,99053,191186,4,01:11,0.518,619,bb,12.54,6.3, Corticosterone329
50,23.nov.21,22:13:46,L3 steroider P1 lot 1019,50,21123_Hormones_Fredrik_L1_P3_2,L1_P3_2,qc,QC,82,4.78,846304,199017,4,01:10,4.252,5172,bb,103.49,26.2, Corticosterone329
51,23.nov.21,22:03:36,L2 steroider P1 lot 0902,51,21123_Hormones_Fredrik_L1_P2_2,L1_P2_2,qc,QC,0,4.8,382,210803,4,01:09,0.002,2,bdI,,, Corticosterone329
52,23.nov.21,22:34:06,L2 steroider P2 lot 1419,52,21123_Hormones_Fredrik_L2_P2_2,L2_P2_2,qc,QC,0,,,198826,4,01:12,,,,,, Corticosterone329
53,23.nov.21,22:44:15,L3 steroider P2 lot 1419,53,21123_Hormones_Fredrik_L2_P3_2,L2_P3_2,qc,QC,0,,,189580,4,01:13,,,,,, Corticosterone329
1,23.nov.21,13:55:22,Std 1 ,1,21123_Hormones_Fredrik_std1,std_1,std,Standard,130,5.77,4451667,5778549,4,01:01,0.77,22839,bb,126.25,-2.9,Androstenedione109
2,23.nov.21,14:05:33,Std 2 ,2,21123_Hormones_Fredrik_std2,std_2,std,Standard,65,5.77,2379668,6023013,4,01:02,0.395,10161,bb,64.73,-0.4,Androstenedione109
3,23.nov.21,14:15:42,Std 3,3,21123_Hormones_Fredrik_std3,std_3,std,Standard,13,5.77,451744,5663754,4,01:03,0.08,2205,bb,13.04,0.3,Androstenedione109
4,23.nov.21,14:25:52,Std 4,4,21123_Hormones_Fredrik_std4,std_4,std,Standard,6.5,5.77,202621,5008930,4,01:04,0.04,1253,bb,6.6,1.5,Androstenedione109
5,23.nov.21,14:36:03,Std 5,5,21123_Hormones_Fredrik_std5,std_5,std,Standard,1.3,5.78,42444,5043637,4,01:05,0.008,230,bb,1.34,3.4,Androstenedione109
6,23.nov.21,14:46:13,Std 6,6,21123_Hormones_Fredrik_std6,std_6,std,Standard,0.65,5.78,25877,6062704,4,01:06,0.004,134,bb,0.66,2.2,Androstenedione109
7,23.nov.21,14:56:23,Std 7,7,21123_Hormones_Fredrik_std7,std_7,std,Standard,0.13,5.78,5394,5748644,4,01:07,0.001,34,bb,0.12,-9,Androstenedione109
8,23.nov.21,15:06:33,L1 steroider P1 lot 4019,8,21123_Hormones_Fredrik_L1_P1,qc_1,qc,QC,0,,,7161422,4,01:08,,,,,,Androstenedione109
9,23.nov.21,15:37:04,L1 steroider P2 lot 1019,9,21123_Hormones_Fredrik_L2_P1,qc_2,qc,QC,0,5.78,2228,6786366,4,01:11,0,12,bb,0.02,,Androstenedione109
10,23.nov.21,15:26:54,L3 steroider P1 lot 1019,10,21123_Hormones_Fredrik_L1_P3,qc_3,qc,QC,0,5.77,4750,7181888,4,01:10,0.001,27,bb,0.07,,Androstenedione109
11,23.nov.21,15:16:43,L2 steroider P1 lot 0902,11,21123_Hormones_Fredrik_L1_P2,qc_4,qc,QC,1.02,5.77,53622,7033436,4,01:09,0.008,292,bb,1.21,19,Androstenedione109
12,23.nov.21,15:47:15,L2 steroider P2 lot 1419,12,21123_Hormones_Fredrik_L2_P2,qc_5,qc,QC,3.8,5.77,187078,7149263,4,01:12,0.026,956,bb,4.25,11.9,Androstenedione109
13,23.nov.21,15:57:25,L3 steroider P2 lot 1419,13,21123_Hormones_Fredrik_L2_P3,qc_6,qc,QC,31.2,5.78,1572424,7082026,4,01:13,0.222,7519,bb,36.36,16.5,Androstenedione109
14,23.nov.21,16:07:35,,14,21123_Hormones_Fredrik_1,H216,BAT05C,Analyte,,5.78,1414,7099109,4,01:14,0,7,ddI,,,Androstenedione109
15,23.nov.21,16:17:45,,15,21123_Hormones_Fredrik_2,H243,aENT,Analyte,,5.72,7355,6034147,4,01:15,0.001,24,bb,0.16,,Androstenedione109
16,23.nov.21,16:27:55,,16,21123_Hormones_Fredrik_3,H222,BAT05C,Analyte,,,,6836878,4,01:16,,,,,,Androstenedione109
17,23.nov.21,16:38:05,,17,21123_Hormones_Fredrik_4,H245,IBE1,Analyte,,5.77,4900,6414412,4,01:17,0.001,20,bb,0.09,,Androstenedione109
18,23.nov.21,16:48:16,,18,21123_Hormones_Fredrik_5,H263,BAT05C,Analyte,,5.78,1229,7163989,4,01:18,0,6,dbI,,,Androstenedione109
19,23.nov.21,16:58:26,,19,21123_Hormones_Fredrik_6,H241,aENT,Analyte,,5.78,609,7173474,4,01:19,0,5,bbI,,,Androstenedione109
20,23.nov.21,17:08:36,,20,21123_Hormones_Fredrik_7,H298,BAT05C,Analyte,,5.77,1217,7102199,4,01:20,0,6,dbI,,,Androstenedione109
21,23.nov.21,17:18:46,,21,21123_Hormones_Fredrik_8,H276,BAT05C,Analyte,,,,7071670,4,01:21,,,,,,Androstenedione109
22,23.nov.21,17:28:56,,22,21123_Hormones_Fredrik_9,H254,aENT,Analyte,,5.72,11359,6761415,4,01:22,0.002,39,bb,0.24,,Androstenedione109
23,23.nov.21,17:39:06,,23,21123_Hormones_Fredrik_10,H250,BAT3C,Analyte,,5.79,957,6330235,4,01:23,0,7,bbI,,,Androstenedione109
24,23.nov.21,17:49:17,,24,21123_Hormones_Fredrik_11,H300,BAT3C,Analyte,,5.77,1537,7030748,4,01:24,0,7,db,0,,Androstenedione109
25,23.nov.21,17:59:26,,25,21123_Hormones_Fredrik_12,H248,BAT3C,Analyte,,5.79,627,6392817,4,01:25,0,3,bbI,,,Androstenedione109
26,23.nov.21,18:09:37,,26,21123_Hormones_Fredrik_13,H230,aENT,Analyte,,5.71,6711,7008257,4,01:26,0.001,15,bb,0.12,,Androstenedione109
27,23.nov.21,18:19:48,,27,21123_Hormones_Fredrik_14,H299,TEST,Analyte,,5.79,2685,6606620,4,01:27,0,5,dd,0.03,,Androstenedione109
28,23.nov.21,18:29:58,,28,21123_Hormones_Fredrik_15,H319,aENT,Analyte,,5.72,3946,6246528,4,01:28,0.001,11,bb,0.07,,Androstenedione109
29,23.nov.21,18:40:09,,29,21123_Hormones_Fredrik_16,H307,aENT,Analyte,,5.72,1399,6767875,4,01:29,0,6,bbI,,,Androstenedione109
30,23.nov.21,18:50:20,,30,21123_Hormones_Fredrik_17,H236,BAT3C,Analyte,,,,6884989,4,01:30,,,,,,Androstenedione109
31,23.nov.21,19:00:30,,31,21123_Hormones_Fredrik_18,H224,IBE1,Analyte,,5.77,5532,7034514,4,01:31,0.001,31,dd,0.09,,Androstenedione109
32,23.nov.21,19:10:41,,32,21123_Hormones_Fredrik_19,H278,IBE1,Analyte,,5.77,5890,7434238,4,01:32,0.001,18,db,0.09,,Androstenedione109
33,23.nov.21,19:20:50,,33,21123_Hormones_Fredrik_20,H211,IBE12,Analyte,,5.77,4556,7119685,4,01:33,0.001,22,db,0.07,,Androstenedione109
34,23.nov.21,19:31:01,,34,21123_Hormones_Fredrik_21,H274,IBE12,Analyte,,5.78,2405,7752736,4,01:34,0,21,db,0.02,,Androstenedione109
35,23.nov.21,19:41:11,,35,21123_Hormones_Fredrik_22,H327,IBE12,Analyte,,5.72,11879,7222663,4,01:35,0.002,26,bb,0.23,,Androstenedione109
36,23.nov.21,19:51:22,,36,21123_Hormones_Fredrik_23,H273,BAT3C,Analyte,,,,7179871,4,01:36,,,,,,Androstenedione109
37,23.nov.21,20:01:32,,37,21123_Hormones_Fredrik_24,H264,IBE1,Analyte,,5.77,5217,7046817,4,01:37,0.001,26,bb,0.09,,Androstenedione109
38,23.nov.21,20:11:42,,38,21123_Hormones_Fredrik_25,H301,IBE12,Analyte,,,,7679919,4,01:38,,,,,,Androstenedione109
39,23.nov.21,20:21:52,,39,21123_Hormones_Fredrik_26,H275,IBE12,Analyte,,5.78,7801,7226151,4,01:39,0.001,22,bb,0.14,,Androstenedione109
40,23.nov.21,20:32:02,,40,21123_Hormones_Fredrik_27,H268,IBE1,Analyte,,5.77,4334,7454793,4,01:40,0.001,17,db,0.06,,Androstenedione109
41,23.nov.21,20:42:13,Std 1 ,41,21123_Hormones_Fredrik_std1_2,std_1_2,std,Standard,130,5.78,4284687,5707821,4,01:01,0.751,18950,bb,123.02,-5.4,Androstenedione109
42,23.nov.21,20:52:23,Std 2 ,42,21123_Hormones_Fredrik_std2_2,std_2_2,std,Standard,65,5.78,2321274,5987503,4,01:02,0.388,9590,bb,63.52,-2.3,Androstenedione109
43,23.nov.21,21:02:33,Std 3,43,21123_Hormones_Fredrik_std3_2,std_3_2,std,Standard,13,5.78,440516,5722056,4,01:03,0.077,2049,bb,12.58,-3.2,Androstenedione109
44,23.nov.21,21:12:43,Std 4,44,21123_Hormones_Fredrik_std4_2,std_4_2,std,Standard,6.5,5.78,202305,4951369,4,01:04,0.041,1134,bb,6.66,2.5,Androstenedione109
45,23.nov.21,21:22:53,Std 5,45,21123_Hormones_Fredrik_std5_2,std_5_2,std,Standard,1.3,5.78,41955,5045788,4,01:05,0.008,260,bb,1.33,2.1,Androstenedione109
46,23.nov.21,21:33:04,Std 6,46,21123_Hormones_Fredrik_std6_2,std_6_2,std,Standard,0.65,5.78,27166,6009952,4,01:06,0.005,233,bb,0.71,8.5,Androstenedione109
47,23.nov.21,21:43:15,Std 7,47,21123_Hormones_Fredrik_std7_2,std_7_2,std,Standard,0.13,5.78,6266,5858002,4,01:07,0.001,22,bb,0.14,7.6,Androstenedione109
48,23.nov.21,21:53:25,L1 steroider P1 lot 4019,48,21123_Hormones_Fredrik_L1_P1_2,L1_P1_2,qc,QC,0,5.78,1966,7445218,4,01:08,0,12,bb,0.01,,Androstenedione109
49,23.nov.21,22:23:56,L1 steroider P2 lot 1019,49,21123_Hormones_Fredrik_L2_P1_2,L2_P1_2,qc,QC,0,5.78,2218,6935243,4,01:11,0,9,db,0.02,,Androstenedione109
50,23.nov.21,22:13:46,L3 steroider P1 lot 1019,50,21123_Hormones_Fredrik_L1_P3_2,L1_P3_2,qc,QC,0,5.78,4221,7602681,4,01:10,0.001,24,bb,0.06,,Androstenedione109
51,23.nov.21,22:03:36,L2 steroider P1 lot 0902,51,21123_Hormones_Fredrik_L1_P2_2,L1_P2_2,qc,QC,1.02,5.78,55886,7377005,4,01:09,0.008,255,bb,1.21,18.3,Androstenedione109
52,23.nov.21,22:34:06,L2 steroider P2 lot 1419,52,21123_Hormones_Fredrik_L2_P2_2,L2_P2_2,qc,QC,3.8,5.78,192517,7410895,4,01:12,0.026,890,bb,4.22,11.1,Androstenedione109
53,23.nov.21,22:44:15,L3 steroider P2 lot 1419,53,21123_Hormones_Fredrik_L2_P3_2,L2_P3_2,qc,QC,31.2,5.78,1577231,7041503,4,01:13,0.224,9629,bb,36.68,17.6,Androstenedione109
1,23.nov.21,13:55:22,Std 1 ,1,21123_Hormones_Fredrik_std1,std_1,std,Standard,13,4.77,1202728,35146,4,01:01,34.221,6864,bb,12.18,-6.3,21-deoxycortisol121
2,23.nov.21,14:05:33,Std 2 ,2,21123_Hormones_Fredrik_std2,std_2,std,Standard,6.5,4.77,649607,34327,4,01:02,18.924,4711,bb,6.73,3.6,21-deoxycortisol121
3,23.nov.21,14:15:42,Std 3,3,21123_Hormones_Fredrik_std3,std_3,std,Standard,1.3,4.77,117355,31111,4,01:03,3.772,1013,bb,1.34,3,21-deoxycortisol121
4,23.nov.21,14:25:52,Std 4,4,21123_Hormones_Fredrik_std4,std_4,std,Standard,0.65,4.78,53960,28184,4,01:04,1.915,200,bb,0.68,4.3,21-deoxycortisol121
5,23.nov.21,14:36:03,Std 5,5,21123_Hormones_Fredrik_std5,std_5,std,Standard,0.13,4.77,9716,27059,4,01:05,0.359,76,bb,0.12,-4.5,21-deoxycortisol121
6,23.nov.21,14:46:13,Std 6,6,21123_Hormones_Fredrik_std6,std_6,std,Standard,0.065,4.78,6829,33758,4,01:06,0.202,47,bb,0.07,5,21-deoxycortisol121
7,23.nov.21,14:56:23,Std 7,7,21123_Hormones_Fredrik_std7,std_7,std,Standard,0.013,4.78,1399,31047,4,01:07,0.045,14,bb,0.01,-5.5,21-deoxycortisol121
8,23.nov.21,15:06:33,L1 steroider P1 lot 4019,8,21123_Hormones_Fredrik_L1_P1,qc_1,qc,QC,0.26,4.77,35968,41260,4,01:08,0.872,248,bb,0.31,17.9,21-deoxycortisol121
9,23.nov.21,15:37:04,L1 steroider P2 lot 1019,9,21123_Hormones_Fredrik_L2_P1,qc_2,qc,QC,1.11,4.77,137899,38361,4,01:11,3.595,960,bb,1.28,15,21-deoxycortisol121
10,23.nov.21,15:26:54,L3 steroider P1 lot 1019,10,21123_Hormones_Fredrik_L1_P3,qc_3,qc,QC,6.73,4.77,1137765,43521,4,01:10,26.143,4808,bb,9.3,38.3,21-deoxycortisol121
11,23.nov.21,15:16:43,L2 steroider P1 lot 0902,11,21123_Hormones_Fredrik_L1_P2,qc_4,qc,QC,0,,,43553,4,01:09,,,,,,21-deoxycortisol121
12,23.nov.21,15:47:15,L2 steroider P2 lot 1419,12,21123_Hormones_Fredrik_L2_P2,qc_5,qc,QC,0,,,39349,4,01:12,,,,,,21-deoxycortisol121
13,23.nov.21,15:57:25,L3 steroider P2 lot 1419,13,21123_Hormones_Fredrik_L2_P3,qc_6,qc,QC,0,,,37754,4,01:13,,,,,,21-deoxycortisol121
14,23.nov.21,16:07:35,,14,21123_Hormones_Fredrik_1,H216,BAT05C,Analyte,,4.77,2698,41283,4,01:14,0.065,12,bb,0.02,,21-deoxycortisol121
15,23.nov.21,16:17:45,,15,21123_Hormones_Fredrik_2,H243,aENT,Analyte,,4.77,3402,33025,4,01:15,0.103,15,bd,0.03,,21-deoxycortisol121
16,23.nov.21,16:27:55,,16,21123_Hormones_Fredrik_3,H222,BAT05C,Analyte,,4.78,3169,39112,4,01:16,0.081,17,bb,0.03,,21-deoxycortisol121
17,23.nov.21,16:38:05,,17,21123_Hormones_Fredrik_4,H245,IBE1,Analyte,,4.77,7838,38781,4,01:17,0.202,62,bb,0.07,,21-deoxycortisol121
18,23.nov.21,16:48:16,,18,21123_Hormones_Fredrik_5,H263,BAT05C,Analyte,,4.78,2035,40069,4,01:18,0.051,6,bb,0.01,,21-deoxycortisol121
19,23.nov.21,16:58:26,,19,21123_Hormones_Fredrik_6,H241,aENT,Analyte,,4.77,3774,41033,4,01:19,0.092,16,bb,0.03,,21-deoxycortisol121
20,23.nov.21,17:08:36,,20,21123_Hormones_Fredrik_7,H298,BAT05C,Analyte,,4.78,1034,40689,4,01:20,0.025,6,bb,0.01,,21-deoxycortisol121
21,23.nov.21,17:18:46,,21,21123_Hormones_Fredrik_8,H276,BAT05C,Analyte,,4.78,2004,40554,4,01:21,0.049,17,bb,0.01,,21-deoxycortisol121
22,23.nov.21,17:28:56,,22,21123_Hormones_Fredrik_9,H254,aENT,Analyte,,4.78,4311,38376,4,01:22,0.112,21,bb,0.04,,21-deoxycortisol121
23,23.nov.21,17:39:06,,23,21123_Hormones_Fredrik_10,H250,BAT3C,Analyte,,4.79,1875,36665,4,01:23,0.051,11,bb,0.01,,21-deoxycortisol121
24,23.nov.21,17:49:17,,24,21123_Hormones_Fredrik_11,H300,BAT3C,Analyte,,,,39621,4,01:24,,,,,,21-deoxycortisol121
25,23.nov.21,17:59:26,,25,21123_Hormones_Fredrik_12,H248,BAT3C,Analyte,,4.78,3241,36463,4,01:25,0.089,12,bb,0.03,,21-deoxycortisol121
26,23.nov.21,18:09:37,,26,21123_Hormones_Fredrik_13,H230,aENT,Analyte,,4.78,4094,39230,4,01:26,0.104,16,bb,0.03,,21-deoxycortisol121
27,23.nov.21,18:19:48,,27,21123_Hormones_Fredrik_14,H299,TEST,Analyte,,4.78,132526,33119,4,01:27,4.001,298,bb,1.42,,21-deoxycortisol121
28,23.nov.21,18:29:58,,28,21123_Hormones_Fredrik_15,H319,aENT,Analyte,,4.86,3232,33655,4,01:28,0.096,9,bb,0.03,,21-deoxycortisol121
29,23.nov.21,18:40:09,,29,21123_Hormones_Fredrik_16,H307,aENT,Analyte,,4.77,4534,36213,4,01:29,0.125,17,bb,0.04,,21-deoxycortisol121
30,23.nov.21,18:50:20,,30,21123_Hormones_Fredrik_17,H236,BAT3C,Analyte,,4.78,2128,39348,4,01:30,0.054,19,bb,0.02,,21-deoxycortisol121
31,23.nov.21,19:00:30,,31,21123_Hormones_Fredrik_18,H224,IBE1,Analyte,,4.78,8591,39934,4,01:31,0.215,31,bb,0.07,,21-deoxycortisol121
32,23.nov.21,19:10:41,,32,21123_Hormones_Fredrik_19,H278,IBE1,Analyte,,4.78,24964,39504,4,01:32,0.632,132,bb,0.22,,21-deoxycortisol121
33,23.nov.21,19:20:50,,33,21123_Hormones_Fredrik_20,H211,IBE12,Analyte,,4.77,5364,38878,4,01:33,0.138,30,bb,0.05,,21-deoxycortisol121
34,23.nov.21,19:31:01,,34,21123_Hormones_Fredrik_21,H274,IBE12,Analyte,,4.77,4434,43555,4,01:34,0.102,30,bb,0.03,,21-deoxycortisol121
35,23.nov.21,19:41:11,,35,21123_Hormones_Fredrik_22,H327,IBE12,Analyte,,4.77,19211,40800,4,01:35,0.471,72,bb,0.16,,21-deoxycortisol121
36,23.nov.21,19:51:22,,36,21123_Hormones_Fredrik_23,H273,BAT3C,Analyte,,4.78,3046,39950,4,01:36,0.076,11,bb,0.02,,21-deoxycortisol121
37,23.nov.21,20:01:32,,37,21123_Hormones_Fredrik_24,H264,IBE1,Analyte,,4.77,30030,39633,4,01:37,0.758,256,bb,0.27,,21-deoxycortisol121
38,23.nov.21,20:11:42,,38,21123_Hormones_Fredrik_25,H301,IBE12,Analyte,,4.77,19049,43459,4,01:38,0.438,107,bb,0.15,,21-deoxycortisol121
39,23.nov.21,20:21:52,,39,21123_Hormones_Fredrik_26,H275,IBE12,Analyte,,4.77,11294,41578,4,01:39,0.272,92,bb,0.09,,21-deoxycortisol121
40,23.nov.21,20:32:02,,40,21123_Hormones_Fredrik_27,H268,IBE1,Analyte,,4.78,14424,42188,4,01:40,0.342,115,bb,0.12,,21-deoxycortisol121
41,23.nov.21,20:42:13,Std 1 ,41,21123_Hormones_Fredrik_std1_2,std_1_2,std,Standard,13,4.78,1137372,35145,4,01:01,32.362,7586,bb,11.52,-11.4,21-deoxycortisol121
42,23.nov.21,20:52:23,Std 2 ,42,21123_Hormones_Fredrik_std2_2,std_2_2,std,Standard,6.5,4.78,642707,35555,4,01:02,18.076,4672,bb,6.43,-1,21-deoxycortisol121
43,23.nov.21,21:02:33,Std 3,43,21123_Hormones_Fredrik_std3_2,std_3_2,std,Standard,1.3,4.78,125349,31229,4,01:03,4.014,587,bb,1.43,9.6,21-deoxycortisol121
44,23.nov.21,21:12:43,Std 4,44,21123_Hormones_Fredrik_std4_2,std_4_2,std,Standard,0.65,4.78,55216,28483,4,01:04,1.939,433,bb,0.69,5.6,21-deoxycortisol121
45,23.nov.21,21:22:53,Std 5,45,21123_Hormones_Fredrik_std5_2,std_5_2,std,Standard,0.13,4.78,11674,28261,4,01:05,0.413,86,bb,0.14,10.2,21-deoxycortisol121
46,23.nov.21,21:33:04,Std 6,46,21123_Hormones_Fredrik_std6_2,std_6_2,std,Standard,0.065,4.78,6231,34767,4,01:06,0.179,36,bb,0.06,-7.6,21-deoxycortisol121
47,23.nov.21,21:43:15,Std 7,47,21123_Hormones_Fredrik_std7_2,std_7_2,std,Standard,0.013,4.77,1704,34343,4,01:07,0.05,12,db,0.01,7,21-deoxycortisol121
48,23.nov.21,21:53:25,L1 steroider P1 lot 4019,48,21123_Hormones_Fredrik_L1_P1_2,L1_P1_2,qc,QC,0.26,4.78,35914,41055,4,01:08,0.875,270,bb,0.31,18.4,21-deoxycortisol121
49,23.nov.21,22:23:56,L1 steroider P2 lot 1019,49,21123_Hormones_Fredrik_L2_P1_2,L2_P1_2,qc,QC,1.11,4.78,137436,37616,4,01:11,3.654,251,bb,1.3,16.9,21-deoxycortisol121
50,23.nov.21,22:13:46,L3 steroider P1 lot 1019,50,21123_Hormones_Fredrik_L1_P3_2,L1_P3_2,qc,QC,6.73,4.78,1145948,42248,4,01:10,27.125,11592,bb,9.65,43.5,21-deoxycortisol121
51,23.nov.21,22:03:36,L2 steroider P1 lot 0902,51,21123_Hormones_Fredrik_L1_P2_2,L1_P2_2,qc,QC,0,,,41227,4,01:09,,,,,,21-deoxycortisol121
52,23.nov.21,22:34:06,L2 steroider P2 lot 1419,52,21123_Hormones_Fredrik_L2_P2_2,L2_P2_2,qc,QC,0,4.78,203,40394,4,01:12,0.005,1,bbI,,,21-deoxycortisol121
53,23.nov.21,22:44:15,L3 steroider P2 lot 1419,53,21123_Hormones_Fredrik_L2_P3_2,L2_P3_2,qc,QC,0,,,40286,4,01:13,,,,,,21-deoxycortisol121
1,23.nov.21,13:55:22,Std 1 ,1,21123_Hormones_Fredrik_std1,std_1,std,Standard,25,4.6,254230,669479,4,01:01,0.38,1118,bb,23.37,-6.5, 4-Androsten-11B-17B-diol-3one121
2,23.nov.21,14:05:33,Std 2 ,2,21123_Hormones_Fredrik_std2,std_2,std,Standard,12.5,4.6,129189,671070,4,01:02,0.193,702,bb,11.85,-5.2, 4-Androsten-11B-17B-diol-3one121
3,23.nov.21,14:15:42,Std 3,3,21123_Hormones_Fredrik_std3,std_3,std,Standard,2.5,4.6,22562,604402,4,01:03,0.037,152,bb,2.3,-8.1, 4-Androsten-11B-17B-diol-3one121
4,23.nov.21,14:25:52,Std 4,4,21123_Hormones_Fredrik_std4,std_4,std,Standard,1.25,4.6,11471,533602,4,01:04,0.021,124,bb,1.32,5.9, 4-Androsten-11B-17B-diol-3one121
5,23.nov.21,14:36:03,Std 5,5,21123_Hormones_Fredrik_std5,std_5,std,Standard,0.25,4.6,2154,531119,4,01:05,0.004,9,bb,0.25,0.4, 4-Androsten-11B-17B-diol-3one121
6,23.nov.21,14:46:13,Std 6,6,21123_Hormones_Fredrik_std6,std_6,std,Standard,0.125,4.6,1485,683750,4,01:06,0.002,9,bb,0.14,8, 4-Androsten-11B-17B-diol-3one121
7,23.nov.21,14:56:23,Std 7,7,21123_Hormones_Fredrik_std7,std_7,std,Standard,0.025,4.59,242,617245,4,01:07,0,3,bb,0.03,1.8, 4-Androsten-11B-17B-diol-3one121
8,23.nov.21,15:06:33,L1 steroider P1 lot 4019,8,21123_Hormones_Fredrik_L1_P1,qc_1,qc,QC,0,,,790115,4,01:08,,,,,, 4-Androsten-11B-17B-diol-3one121
9,23.nov.21,15:37:04,L1 steroider P2 lot 1019,9,21123_Hormones_Fredrik_L2_P1,qc_2,qc,QC,0,,,720725,4,01:11,,,,,, 4-Androsten-11B-17B-diol-3one121
10,23.nov.21,15:26:54,L3 steroider P1 lot 1019,10,21123_Hormones_Fredrik_L1_P3,qc_3,qc,QC,0,4.58,214,795004,4,01:10,0,2,bd,0.02,, 4-Androsten-11B-17B-diol-3one121
11,23.nov.21,15:16:43,L2 steroider P1 lot 0902,11,21123_Hormones_Fredrik_L1_P2,qc_4,qc,QC,0,,,770104,4,01:09,,,,,, 4-Androsten-11B-17B-diol-3one121
12,23.nov.21,15:47:15,L2 steroider P2 lot 1419,12,21123_Hormones_Fredrik_L2_P2,qc_5,qc,QC,0,,,756592,4,01:12,,,,,, 4-Androsten-11B-17B-diol-3one121
13,23.nov.21,15:57:25,L3 steroider P2 lot 1419,13,21123_Hormones_Fredrik_L2_P3,qc_6,qc,QC,0,,,718475,4,01:13,,,,,, 4-Androsten-11B-17B-diol-3one121
14,23.nov.21,16:07:35,,14,21123_Hormones_Fredrik_1,H216,BAT05C,Analyte,,4.57,1688,778174,4,01:14,0.002,7,db,0.13,, 4-Androsten-11B-17B-diol-3one121
15,23.nov.21,16:17:45,,15,21123_Hormones_Fredrik_2,H243,aENT,Analyte,,4.62,213,633564,4,01:15,0,1,bb,0.02,, 4-Androsten-11B-17B-diol-3one121
16,23.nov.21,16:27:55,,16,21123_Hormones_Fredrik_3,H222,BAT05C,Analyte,,4.58,2707,716795,4,01:16,0.004,8,bb,0.23,, 4-Androsten-11B-17B-diol-3one121
17,23.nov.21,16:38:05,,17,21123_Hormones_Fredrik_4,H245,IBE1,Analyte,,4.58,295,731130,4,01:17,0,2,bb,0.03,, 4-Androsten-11B-17B-diol-3one121
18,23.nov.21,16:48:16,,18,21123_Hormones_Fredrik_5,H263,BAT05C,Analyte,,,,767616,4,01:18,,,,,, 4-Androsten-11B-17B-diol-3one121
19,23.nov.21,16:58:26,,19,21123_Hormones_Fredrik_6,H241,aENT,Analyte,,4.65,279,795796,4,01:19,0,2,bb,0.02,, 4-Androsten-11B-17B-diol-3one121
20,23.nov.21,17:08:36,,20,21123_Hormones_Fredrik_7,H298,BAT05C,Analyte,,4.58,2196,767667,4,01:20,0.003,9,bd,0.18,, 4-Androsten-11B-17B-diol-3one121
21,23.nov.21,17:18:46,,21,21123_Hormones_Fredrik_8,H276,BAT05C,Analyte,,4.58,2178,749201,4,01:21,0.003,8,bb,0.18,, 4-Androsten-11B-17B-diol-3one121
22,23.nov.21,17:28:56,,22,21123_Hormones_Fredrik_9,H254,aENT,Analyte,,4.64,310,737574,4,01:22,0,2,bb,0.03,, 4-Androsten-11B-17B-diol-3one121
23,23.nov.21,17:39:06,,23,21123_Hormones_Fredrik_10,H250,BAT3C,Analyte,,4.58,2370,679829,4,01:23,0.003,13,bb,0.22,, 4-Androsten-11B-17B-diol-3one121
24,23.nov.21,17:49:17,,24,21123_Hormones_Fredrik_11,H300,BAT3C,Analyte,,4.59,2334,731773,4,01:24,0.003,8,bb,0.2,, 4-Androsten-11B-17B-diol-3one121
25,23.nov.21,17:59:26,,25,21123_Hormones_Fredrik_12,H248,BAT3C,Analyte,,4.57,2733,687748,4,01:25,0.004,11,bd,0.25,, 4-Androsten-11B-17B-diol-3one121
26,23.nov.21,18:09:37,,26,21123_Hormones_Fredrik_13,H230,aENT,Analyte,,4.59,371,720681,4,01:26,0.001,2,bb,0.03,, 4-Androsten-11B-17B-diol-3one121
27,23.nov.21,18:19:48,,27,21123_Hormones_Fredrik_14,H299,TEST,Analyte,,4.48,5817,647601,4,01:27,0.009,23,bb,0.55,, 4-Androsten-11B-17B-diol-3one121
28,23.nov.21,18:29:58,,28,21123_Hormones_Fredrik_15,H319,aENT,Analyte,,,,666988,4,01:28,,,,,, 4-Androsten-11B-17B-diol-3one121
29,23.nov.21,18:40:09,,29,21123_Hormones_Fredrik_16,H307,aENT,Analyte,,,,725665,4,01:29,,,,,, 4-Androsten-11B-17B-diol-3one121
30,23.nov.21,18:50:20,,30,21123_Hormones_Fredrik_17,H236,BAT3C,Analyte,,4.58,2743,708595,4,01:30,0.004,14,bb,0.24,, 4-Androsten-11B-17B-diol-3one121
31,23.nov.21,19:00:30,,31,21123_Hormones_Fredrik_18,H224,IBE1,Analyte,,4.47,458,761109,4,01:31,0.001,3,bb,0.04,, 4-Androsten-11B-17B-diol-3one121
32,23.nov.21,19:10:41,,32,21123_Hormones_Fredrik_19,H278,IBE1,Analyte,,4.5,547,775622,4,01:32,0.001,2,bb,0.04,, 4-Androsten-11B-17B-diol-3one121
33,23.nov.21,19:20:50,,33,21123_Hormones_Fredrik_20,H211,IBE12,Analyte,,4.74,258,756532,4,01:33,0,2,bb,0.02,, 4-Androsten-11B-17B-diol-3one121
34,23.nov.21,19:31:01,,34,21123_Hormones_Fredrik_21,H274,IBE12,Analyte,,,,842143,4,01:34,,,,,, 4-Androsten-11B-17B-diol-3one121
35,23.nov.21,19:41:11,,35,21123_Hormones_Fredrik_22,H327,IBE12,Analyte,,4.59,726,811997,4,01:35,0.001,3,dd,0.06,, 4-Androsten-11B-17B-diol-3one121
36,23.nov.21,19:51:22,,36,21123_Hormones_Fredrik_23,H273,BAT3C,Analyte,,,,749331,4,01:36,,,,,, 4-Androsten-11B-17B-diol-3one121
37,23.nov.21,20:01:32,,37,21123_Hormones_Fredrik_24,H264,IBE1,Analyte,,4.59,671,760475,4,01:37,0.001,3,bb,0.06,, 4-Androsten-11B-17B-diol-3one121
38,23.nov.21,20:11:42,,38,21123_Hormones_Fredrik_25,H301,IBE12,Analyte,,4.59,315,815149,4,01:38,0,2,db,0.03,, 4-Androsten-11B-17B-diol-3one121
39,23.nov.21,20:21:52,,39,21123_Hormones_Fredrik_26,H275,IBE12,Analyte,,4.58,465,759549,4,01:39,0.001,3,db,0.04,, 4-Androsten-11B-17B-diol-3one121
40,23.nov.21,20:32:02,,40,21123_Hormones_Fredrik_27,H268,IBE1,Analyte,,4.49,592,809986,4,01:40,0.001,3,bb,0.05,, 4-Androsten-11B-17B-diol-3one121
41,23.nov.21,20:42:13,Std 1 ,41,21123_Hormones_Fredrik_std1_2,std_1_2,std,Standard,25,4.61,247540,634803,4,01:01,0.39,1406,bb,24,-4, 4-Androsten-11B-17B-diol-3one121
42,23.nov.21,20:52:23,Std 2 ,42,21123_Hormones_Fredrik_std2_2,std_2_2,std,Standard,12.5,4.61,131261,686867,4,01:02,0.191,1030,bb,11.76,-5.9, 4-Androsten-11B-17B-diol-3one121
43,23.nov.21,21:02:33,Std 3,43,21123_Hormones_Fredrik_std3_2,std_3_2,std,Standard,2.5,4.61,25122,633505,4,01:03,0.04,104,bb,2.44,-2.3, 4-Androsten-11B-17B-diol-3one121
44,23.nov.21,21:12:43,Std 4,44,21123_Hormones_Fredrik_std4_2,std_4_2,std,Standard,1.25,4.61,11423,573455,4,01:04,0.02,77,bb,1.23,-1.8, 4-Androsten-11B-17B-diol-3one121
45,23.nov.21,21:22:53,Std 5,45,21123_Hormones_Fredrik_std5_2,std_5_2,std,Standard,0.25,4.62,2651,566765,4,01:05,0.005,13,bb,0.29,15.7, 4-Androsten-11B-17B-diol-3one121
46,23.nov.21,21:33:04,Std 6,46,21123_Hormones_Fredrik_std6_2,std_6_2,std,Standard,0.125,4.6,1914,686077,4,01:06,0.003,10,bb,0.17,38.4, 4-Androsten-11B-17B-diol-3one121
47,23.nov.21,21:43:15,Std 7,47,21123_Hormones_Fredrik_std7_2,std_7_2,std,Standard,0.025,4.59,234,656276,4,01:07,0,5,db,0.02,-6.6, 4-Androsten-11B-17B-diol-3one121
48,23.nov.21,21:53:25,L1 steroider P1 lot 4019,48,21123_Hormones_Fredrik_L1_P1_2,L1_P1_2,qc,QC,0,,,813256,4,01:08,,,,,, 4-Androsten-11B-17B-diol-3one121
49,23.nov.21,22:23:56,L1 steroider P2 lot 1019,49,21123_Hormones_Fredrik_L2_P1_2,L2_P1_2,qc,QC,0,,,706714,4,01:11,,,,,, 4-Androsten-11B-17B-diol-3one121
50,23.nov.21,22:13:46,L3 steroider P1 lot 1019,50,21123_Hormones_Fredrik_L1_P3_2,L1_P3_2,qc,QC,0,4.64,418,795497,4,01:10,0.001,4,bd,0.03,, 4-Androsten-11B-17B-diol-3one121
51,23.nov.21,22:03:36,L2 steroider P1 lot 0902,51,21123_Hormones_Fredrik_L1_P2_2,L1_P2_2,qc,QC,0,4.58,281,817242,4,01:09,0,2,bb,0.02,, 4-Androsten-11B-17B-diol-3one121
52,23.nov.21,22:34:06,L2 steroider P2 lot 1419,52,21123_Hormones_Fredrik_L2_P2_2,L2_P2_2,qc,QC,0,4.53,268,752883,4,01:12,0,1,bb,0.02,, 4-Androsten-11B-17B-diol-3one121
53,23.nov.21,22:44:15,L3 steroider P2 lot 1419,53,21123_Hormones_Fredrik_L2_P3_2,L2_P3_2,qc,QC,0,,,742032,4,01:13,,,,,, 4-Androsten-11B-17B-diol-3one121
1,23.nov.21,13:55:22,Std 1 ,1,21123_Hormones_Fredrik_std1,std_1,std,Standard,25,4.22,176474,338992,4,01:01,0.521,1467,bb,26.52,6.1,4-Androsten-11B-OL3_267
2,23.nov.21,14:05:33,Std 2 ,2,21123_Hormones_Fredrik_std2,std_2,std,Standard,12.5,4.22,94324,356717,4,01:02,0.264,811,bb,13.47,7.8,4-Androsten-11B-OL3_267
3,23.nov.21,14:15:42,Std 3,3,21123_Hormones_Fredrik_std3,std_3,std,Standard,2.5,4.22,16141,328436,4,01:03,0.049,141,bb,2.5,0,4-Androsten-11B-OL3_267
4,23.nov.21,14:25:52,Std 4,4,21123_Hormones_Fredrik_std4,std_4,std,Standard,1.25,4.22,7347,297618,4,01:04,0.025,109,bb,1.25,0.2,4-Androsten-11B-OL3_267
5,23.nov.21,14:36:03,Std 5,5,21123_Hormones_Fredrik_std5,std_5,std,Standard,0.25,4.22,1260,288273,4,01:05,0.004,11,bb,0.22,-13,4-Androsten-11B-OL3_267
6,23.nov.21,14:46:13,Std 6,6,21123_Hormones_Fredrik_std6,std_6,std,Standard,0.125,4.22,834,339470,4,01:06,0.002,7,bb,0.12,-3.9,4-Androsten-11B-OL3_267
7,23.nov.21,14:56:23,Std 7,7,21123_Hormones_Fredrik_std7,std_7,std,Standard,0.025,4.23,212,331693,4,01:07,0.001,3,bb,0.03,9.7,4-Androsten-11B-OL3_267
8,23.nov.21,15:06:33,L1 steroider P1 lot 4019,8,21123_Hormones_Fredrik_L1_P1,qc_1,qc,QC,0,4.22,1234,392128,4,01:08,0.003,10,bb,0.16,,4-Androsten-11B-OL3_267
9,23.nov.21,15:37:04,L1 steroider P2 lot 1019,9,21123_Hormones_Fredrik_L2_P1,qc_2,qc,QC,0,4.22,981,354862,4,01:11,0.003,8,bb,0.14,,4-Androsten-11B-OL3_267
10,23.nov.21,15:26:54,L3 steroider P1 lot 1019,10,21123_Hormones_Fredrik_L1_P3,qc_3,qc,QC,0,4.22,5086,388033,4,01:10,0.013,28,bb,0.66,,4-Androsten-11B-OL3_267
11,23.nov.21,15:16:43,L2 steroider P1 lot 0902,11,21123_Hormones_Fredrik_L1_P2,qc_4,qc,QC,0,,,394281,4,01:09,,,,,,4-Androsten-11B-OL3_267
12,23.nov.21,15:47:15,L2 steroider P2 lot 1419,12,21123_Hormones_Fredrik_L2_P2,qc_5,qc,QC,0,4.24,246,379950,4,01:12,0.001,2,bb,0.03,,4-Androsten-11B-OL3_267
13,23.nov.21,15:57:25,L3 steroider P2 lot 1419,13,21123_Hormones_Fredrik_L2_P3,qc_6,qc,QC,0,,,362474,4,01:13,,,,,,4-Androsten-11B-OL3_267
14,23.nov.21,16:07:35,,14,21123_Hormones_Fredrik_1,H216,BAT05C,Analyte,,,,398969,4,01:14,,,,,,4-Androsten-11B-OL3_267
15,23.nov.21,16:17:45,,15,21123_Hormones_Fredrik_2,H243,aENT,Analyte,,4.21,206,313614,4,01:15,0.001,2,bb,0.03,,4-Androsten-11B-OL3_267
16,23.nov.21,16:27:55,,16,21123_Hormones_Fredrik_3,H222,BAT05C,Analyte,,,,367995,4,01:16,,,,,,4-Androsten-11B-OL3_267
17,23.nov.21,16:38:05,,17,21123_Hormones_Fredrik_4,H245,IBE1,Analyte,,,,379527,4,01:17,,,,,,4-Androsten-11B-OL3_267
18,23.nov.21,16:48:16,,18,21123_Hormones_Fredrik_5,H263,BAT05C,Analyte,,4.3,229,388810,4,01:18,0.001,3,bb,0.02,,4-Androsten-11B-OL3_267
19,23.nov.21,16:58:26,,19,21123_Hormones_Fredrik_6,H241,aENT,Analyte,,,,395561,4,01:19,,,,,,4-Androsten-11B-OL3_267
20,23.nov.21,17:08:36,,20,21123_Hormones_Fredrik_7,H298,BAT05C,Analyte,,,,380555,4,01:20,,,,,,4-Androsten-11B-OL3_267
21,23.nov.21,17:18:46,,21,21123_Hormones_Fredrik_8,H276,BAT05C,Analyte,,,,367405,4,01:21,,,,,,4-Androsten-11B-OL3_267
22,23.nov.21,17:28:56,,22,21123_Hormones_Fredrik_9,H254,aENT,Analyte,,,,349959,4,01:22,,,,,,4-Androsten-11B-OL3_267
23,23.nov.21,17:39:06,,23,21123_Hormones_Fredrik_10,H250,BAT3C,Analyte,,,,336442,4,01:23,,,,,,4-Androsten-11B-OL3_267
24,23.nov.21,17:49:17,,24,21123_Hormones_Fredrik_11,H300,BAT3C,Analyte,,,,395331,4,01:24,,,,,,4-Androsten-11B-OL3_267
25,23.nov.21,17:59:26,,25,21123_Hormones_Fredrik_12,H248,BAT3C,Analyte,,,,330604,4,01:25,,,,,,4-Androsten-11B-OL3_267
26,23.nov.21,18:09:37,,26,21123_Hormones_Fredrik_13,H230,aENT,Analyte,,4.27,516,365872,4,01:26,0.001,4,bb,0.07,,4-Androsten-11B-OL3_267
27,23.nov.21,18:19:48,,27,21123_Hormones_Fredrik_14,H299,TEST,Analyte,,4.22,319,326842,4,01:27,0.001,3,bb,0.04,,4-Androsten-11B-OL3_267
28,23.nov.21,18:29:58,,28,21123_Hormones_Fredrik_15,H319,aENT,Analyte,,4.22,346,320646,4,01:28,0.001,3,dd,0.05,,4-Androsten-11B-OL3_267
29,23.nov.21,18:40:09,,29,21123_Hormones_Fredrik_16,H307,aENT,Analyte,,4.23,440,349279,4,01:29,0.001,3,bd,0.06,,4-Androsten-11B-OL3_267
30,23.nov.21,18:50:20,,30,21123_Hormones_Fredrik_17,H236,BAT3C,Analyte,,,,357689,4,01:30,,,,,,4-Androsten-11B-OL3_267
31,23.nov.21,19:00:30,,31,21123_Hormones_Fredrik_18,H224,IBE1,Analyte,,4.23,318,377789,4,01:31,0.001,4,bb,0.04,,4-Androsten-11B-OL3_267
32,23.nov.21,19:10:41,,32,21123_Hormones_Fredrik_19,H278,IBE1,Analyte,,,,399106,4,01:32,,,,,,4-Androsten-11B-OL3_267
33,23.nov.21,19:20:50,,33,21123_Hormones_Fredrik_20,H211,IBE12,Analyte,,,,390189,4,01:33,,,,,,4-Androsten-11B-OL3_267
34,23.nov.21,19:31:01,,34,21123_Hormones_Fredrik_21,H274,IBE12,Analyte,,,,414383,4,01:34,,,,,,4-Androsten-11B-OL3_267
35,23.nov.21,19:41:11,,35,21123_Hormones_Fredrik_22,H327,IBE12,Analyte,,4.23,301,386447,4,01:35,0.001,2,db,0.03,,4-Androsten-11B-OL3_267
36,23.nov.21,19:51:22,,36,21123_Hormones_Fredrik_23,H273,BAT3C,Analyte,,4.19,273,371828,4,01:36,0.001,1,bb,0.03,,4-Androsten-11B-OL3_267
37,23.nov.21,20:01:32,,37,21123_Hormones_Fredrik_24,H264,IBE1,Analyte,,,,378177,4,01:37,,,,,,4-Androsten-11B-OL3_267
38,23.nov.21,20:11:42,,38,21123_Hormones_Fredrik_25,H301,IBE12,Analyte,,,,393656,4,01:38,,,,,,4-Androsten-11B-OL3_267
39,23.nov.21,20:21:52,,39,21123_Hormones_Fredrik_26,H275,IBE12,Analyte,,,,384827,4,01:39,,,,,,4-Androsten-11B-OL3_267
40,23.nov.21,20:32:02,,40,21123_Hormones_Fredrik_27,H268,IBE1,Analyte,,4.24,448,400831,4,01:40,0.001,3,dd,0.05,,4-Androsten-11B-OL3_267
41,23.nov.21,20:42:13,Std 1 ,41,21123_Hormones_Fredrik_std1_2,std_1_2,std,Standard,25,4.23,172386,335601,4,01:01,0.514,686,bb,26.17,4.7,4-Androsten-11B-OL3_267
42,23.nov.21,20:52:23,Std 2 ,42,21123_Hormones_Fredrik_std2_2,std_2_2,std,Standard,12.5,4.22,90471,334970,4,01:02,0.27,565,bb,13.76,10.1,4-Androsten-11B-OL3_267
43,23.nov.21,21:02:33,Std 3,43,21123_Hormones_Fredrik_std3_2,std_3_2,std,Standard,2.5,4.23,16610,332028,4,01:03,0.05,180,bb,2.54,1.8,4-Androsten-11B-OL3_267
44,23.nov.21,21:12:43,Std 4,44,21123_Hormones_Fredrik_std4_2,std_4_2,std,Standard,1.25,4.22,7713,316320,4,01:04,0.024,86,bb,1.24,-1,4-Androsten-11B-OL3_267
45,23.nov.21,21:22:53,Std 5,45,21123_Hormones_Fredrik_std5_2,std_5_2,std,Standard,0.25,4.23,1772,304024,4,01:05,0.006,15,bb,0.29,16.7,4-Androsten-11B-OL3_267
46,23.nov.21,21:33:04,Std 6,46,21123_Hormones_Fredrik_std6_2,std_6_2,std,Standard,0.125,4.22,768,360862,4,01:06,0.002,5,bb,0.1,-17.3,4-Androsten-11B-OL3_267
47,23.nov.21,21:43:15,Std 7,47,21123_Hormones_Fredrik_std7_2,std_7_2,std,Standard,0.025,,,347952,4,01:07,,,,,,4-Androsten-11B-OL3_267
48,23.nov.21,21:53:25,L1 steroider P1 lot 4019,48,21123_Hormones_Fredrik_L1_P1_2,L1_P1_2,qc,QC,0,4.23,716,420244,4,01:08,0.002,5,bb,0.08,,4-Androsten-11B-OL3_267
49,23.nov.21,22:23:56,L1 steroider P2 lot 1019,49,21123_Hormones_Fredrik_L2_P1_2,L2_P1_2,qc,QC,0,4.24,970,373690,4,01:11,0.003,10,bb,0.13,,4-Androsten-11B-OL3_267
50,23.nov.21,22:13:46,L3 steroider P1 lot 1019,50,21123_Hormones_Fredrik_L1_P3_2,L1_P3_2,qc,QC,0,4.22,4893,403568,4,01:10,0.012,39,bb,0.61,,4-Androsten-11B-OL3_267
51,23.nov.21,22:03:36,L2 steroider P1 lot 0902,51,21123_Hormones_Fredrik_L1_P2_2,L1_P2_2,qc,QC,0,,,414184,4,01:09,,,,,,4-Androsten-11B-OL3_267
52,23.nov.21,22:34:06,L2 steroider P2 lot 1419,52,21123_Hormones_Fredrik_L2_P2_2,L2_P2_2,qc,QC,0,,,393986,4,01:12,,,,,,4-Androsten-11B-OL3_267
53,23.nov.21,22:44:15,L3 steroider P2 lot 1419,53,21123_Hormones_Fredrik_L2_P3_2,L2_P3_2,qc,QC,0,4.22,215,378704,4,01:13,0.001,2,bb,0.02,,4-Androsten-11B-OL3_267
1,23.nov.21,13:55:22,Std 1 ,1,21123_Hormones_Fredrik_std1,std_1,std,Standard,25,3.89,312177,1028505,4,01:01,0.304,1287,bb,25.12,0.5, 4-Androsten-17B-OL3_121
2,23.nov.21,14:05:33,Std 2 ,2,21123_Hormones_Fredrik_std2,std_2,std,Standard,12.5,3.89,166011,1098805,4,01:02,0.151,1002,bb,12.36,-1.1, 4-Androsten-17B-OL3_121
3,23.nov.21,14:15:42,Std 3,3,21123_Hormones_Fredrik_std3,std_3,std,Standard,2.5,3.89,32761,1029851,4,01:03,0.032,283,bb,2.39,-4.6, 4-Androsten-17B-OL3_121
4,23.nov.21,14:25:52,Std 4,4,21123_Hormones_Fredrik_std4,std_4,std,Standard,1.25,3.89,16520,872533,4,01:04,0.019,122,bb,1.31,4.7, 4-Androsten-17B-OL3_121
5,23.nov.21,14:36:03,Std 5,5,21123_Hormones_Fredrik_std5,std_5,std,Standard,0.25,3.89,6133,917376,4,01:05,0.007,51,bb,0.28,13.5, 4-Androsten-17B-OL3_121
6,23.nov.21,14:46:13,Std 6,6,21123_Hormones_Fredrik_std6,std_6,std,Standard,0.125,3.9,5143,1060633,4,01:06,0.005,21,bb,0.13,4.1, 4-Androsten-17B-OL3_121
7,23.nov.21,14:56:23,Std 7,7,21123_Hormones_Fredrik_std7,std_7,std,Standard,0.025,3.89,3599,1020726,4,01:07,0.004,20,bb,0.02,-22.1, 4-Androsten-17B-OL3_121
8,23.nov.21,15:06:33,L1 steroider P1 lot 4019,8,21123_Hormones_Fredrik_L1_P1,qc_1,qc,QC,0,3.89,3521,1244122,4,01:08,0.003,22,bbI,,, 4-Androsten-17B-OL3_121
9,23.nov.21,15:37:04,L1 steroider P2 lot 1019,9,21123_Hormones_Fredrik_L2_P1,qc_2,qc,QC,0,3.88,3638,1115258,4,01:11,0.003,24,bbI,,, 4-Androsten-17B-OL3_121
10,23.nov.21,15:26:54,L3 steroider P1 lot 1019,10,21123_Hormones_Fredrik_L1_P3,qc_3,qc,QC,0,3.9,2044,1208701,4,01:10,0.002,16,dbI,,, 4-Androsten-17B-OL3_121
11,23.nov.21,15:16:43,L2 steroider P1 lot 0902,11,21123_Hormones_Fredrik_L1_P2,qc_4,qc,QC,0,3.89,3810,1207489,4,01:09,0.003,19,bbI,,, 4-Androsten-17B-OL3_121
12,23.nov.21,15:47:15,L2 steroider P2 lot 1419,12,21123_Hormones_Fredrik_L2_P2,qc_5,qc,QC,0,3.89,4241,1145407,4,01:12,0.004,17,bb,0.03,, 4-Androsten-17B-OL3_121
13,23.nov.21,15:57:25,L3 steroider P2 lot 1419,13,21123_Hormones_Fredrik_L2_P3,qc_6,qc,QC,0,3.89,3030,1132289,4,01:13,0.003,19,bbI,,, 4-Androsten-17B-OL3_121
14,23.nov.21,16:07:35,,14,21123_Hormones_Fredrik_1,H216,BAT05C,Analyte,,3.89,3867,1192518,4,01:14,0.003,14,bbI,,, 4-Androsten-17B-OL3_121
15,23.nov.21,16:17:45,,15,21123_Hormones_Fredrik_2,H243,aENT,Analyte,,3.87,2011,869891,4,01:15,0.002,9,bbI,,, 4-Androsten-17B-OL3_121
16,23.nov.21,16:27:55,,16,21123_Hormones_Fredrik_3,H222,BAT05C,Analyte,,3.89,4758,1185711,4,01:16,0.004,19,bb,0.06,, 4-Androsten-17B-OL3_121
17,23.nov.21,16:38:05,,17,21123_Hormones_Fredrik_4,H245,IBE1,Analyte,,3.9,3276,1107516,4,01:17,0.003,13,bbI,,, 4-Androsten-17B-OL3_121
18,23.nov.21,16:48:16,,18,21123_Hormones_Fredrik_5,H263,BAT05C,Analyte,,3.89,2979,1179555,4,01:18,0.003,16,bdI,,, 4-Androsten-17B-OL3_121
19,23.nov.21,16:58:26,,19,21123_Hormones_Fredrik_6,H241,aENT,Analyte,,3.9,3984,1187826,4,01:19,0.003,18,db,0.01,, 4-Androsten-17B-OL3_121
20,23.nov.21,17:08:36,,20,21123_Hormones_Fredrik_7,H298,BAT05C,Analyte,,3.89,4596,1130089,4,01:20,0.004,19,bb,0.06,, 4-Androsten-17B-OL3_121
21,23.nov.21,17:18:46,,21,21123_Hormones_Fredrik_8,H276,BAT05C,Analyte,,3.89,4298,1172968,4,01:21,0.004,15,bb,0.03,, 4-Androsten-17B-OL3_121
22,23.nov.21,17:28:56,,22,21123_Hormones_Fredrik_9,H254,aENT,Analyte,,3.89,3984,1056855,4,01:22,0.004,14,bb,0.04,, 4-Androsten-17B-OL3_121
23,23.nov.21,17:39:06,,23,21123_Hormones_Fredrik_10,H250,BAT3C,Analyte,,3.89,4262,1069702,4,01:23,0.004,15,bb,0.06,, 4-Androsten-17B-OL3_121
24,23.nov.21,17:49:17,,24,21123_Hormones_Fredrik_11,H300,BAT3C,Analyte,,3.89,4250,1157003,4,01:24,0.004,14,bb,0.03,, 4-Androsten-17B-OL3_121
25,23.nov.21,17:59:26,,25,21123_Hormones_Fredrik_12,H248,BAT3C,Analyte,,3.89,3750,1055177,4,01:25,0.004,10,bb,0.02,, 4-Androsten-17B-OL3_121
26,23.nov.21,18:09:37,,26,21123_Hormones_Fredrik_13,H230,aENT,Analyte,,3.89,3167,1103771,4,01:26,0.003,11,bbI,,, 4-Androsten-17B-OL3_121
27,23.nov.21,18:19:48,,27,21123_Hormones_Fredrik_14,H299,TEST,Analyte,,3.9,2915,947148,4,01:27,0.003,11,bbI,,, 4-Androsten-17B-OL3_121
28,23.nov.21,18:29:58,,28,21123_Hormones_Fredrik_15,H319,aENT,Analyte,,3.81,331,924134,4,01:28,0,3,bbI,,, 4-Androsten-17B-OL3_121
29,23.nov.21,18:40:09,,29,21123_Hormones_Fredrik_16,H307,aENT,Analyte,,3.88,1711,1073338,4,01:29,0.002,11,bdI,,, 4-Androsten-17B-OL3_121
30,23.nov.21,18:50:20,,30,21123_Hormones_Fredrik_17,H236,BAT3C,Analyte,,3.9,2634,1090529,4,01:30,0.002,9,bbI,,, 4-Androsten-17B-OL3_121
31,23.nov.21,19:00:30,,31,21123_Hormones_Fredrik_18,H224,IBE1,Analyte,,3.89,3779,1116496,4,01:31,0.003,20,bb,0.01,, 4-Androsten-17B-OL3_121
32,23.nov.21,19:10:41,,32,21123_Hormones_Fredrik_19,H278,IBE1,Analyte,,3.89,3464,1235906,4,01:32,0.003,18,bbI,,, 4-Androsten-17B-OL3_121
33,23.nov.21,19:20:50,,33,21123_Hormones_Fredrik_20,H211,IBE12,Analyte,,3.89,1586,1204508,4,01:33,0.001,13,bdI,,, 4-Androsten-17B-OL3_121
34,23.nov.21,19:31:01,,34,21123_Hormones_Fredrik_21,H274,IBE12,Analyte,,3.89,4218,1240265,4,01:34,0.003,18,bb,0.01,, 4-Androsten-17B-OL3_121
35,23.nov.21,19:41:11,,35,21123_Hormones_Fredrik_22,H327,IBE12,Analyte,,3.89,3364,1110074,4,01:35,0.003,9,ddI,,, 4-Androsten-17B-OL3_121
36,23.nov.21,19:51:22,,36,21123_Hormones_Fredrik_23,H273,BAT3C,Analyte,,3.88,4428,1170350,4,01:36,0.004,14,bb,0.04,, 4-Androsten-17B-OL3_121
37,23.nov.21,20:01:32,,37,21123_Hormones_Fredrik_24,H264,IBE1,Analyte,,3.9,4128,1128148,4,01:37,0.004,19,bd,0.03,, 4-Androsten-17B-OL3_121
38,23.nov.21,20:11:42,,38,21123_Hormones_Fredrik_25,H301,IBE12,Analyte,,3.9,4100,1237514,4,01:38,0.003,19,bb,0,, 4-Androsten-17B-OL3_121
39,23.nov.21,20:21:52,,39,21123_Hormones_Fredrik_26,H275,IBE12,Analyte,,3.89,3754,1207487,4,01:39,0.003,21,bbI,,, 4-Androsten-17B-OL3_121
40,23.nov.21,20:32:02,,40,21123_Hormones_Fredrik_27,H268,IBE1,Analyte,,3.9,3827,1240104,4,01:40,0.003,11,bbI,,, 4-Androsten-17B-OL3_121
41,23.nov.21,20:42:13,Std 1 ,41,21123_Hormones_Fredrik_std1_2,std_1_2,std,Standard,25,3.9,313533,1039554,4,01:01,0.302,1980,bb,24.95,-0.2, 4-Androsten-17B-OL3_121
42,23.nov.21,20:52:23,Std 2 ,42,21123_Hormones_Fredrik_std2_2,std_2_2,std,Standard,12.5,3.9,163706,1110478,4,01:02,0.147,941,bb,12.06,-3.5, 4-Androsten-17B-OL3_121
43,23.nov.21,21:02:33,Std 3,43,21123_Hormones_Fredrik_std3_2,std_3_2,std,Standard,2.5,3.89,32416,994372,4,01:03,0.033,213,bb,2.45,-1.9, 4-Androsten-17B-OL3_121
44,23.nov.21,21:12:43,Std 4,44,21123_Hormones_Fredrik_std4_2,std_4_2,std,Standard,1.25,3.89,18142,920832,4,01:04,0.02,111,bb,1.37,9.8, 4-Androsten-17B-OL3_121
45,23.nov.21,21:22:53,Std 5,45,21123_Hormones_Fredrik_std5_2,std_5_2,std,Standard,0.25,3.89,5697,899784,4,01:05,0.006,37,bb,0.25,1.7, 4-Androsten-17B-OL3_121
46,23.nov.21,21:33:04,Std 6,46,21123_Hormones_Fredrik_std6_2,std_6_2,std,Standard,0.125,3.89,5118,1125834,4,01:06,0.005,30,bb,0.1,-16.2, 4-Androsten-17B-OL3_121
47,23.nov.21,21:43:15,Std 7,47,21123_Hormones_Fredrik_std7_2,std_7_2,std,Standard,0.025,3.89,3812,1058671,4,01:07,0.004,24,bb,0.03,2.8, 4-Androsten-17B-OL3_121
48,23.nov.21,21:53:25,L1 steroider P1 lot 4019,48,21123_Hormones_Fredrik_L1_P1_2,L1_P1_2,qc,QC,0,3.89,4006,1235479,4,01:08,0.003,20,bbI,,, 4-Androsten-17B-OL3_121
49,23.nov.21,22:23:56,L1 steroider P2 lot 1019,49,21123_Hormones_Fredrik_L2_P1_2,L2_P1_2,qc,QC,0,3.89,3657,1126272,4,01:11,0.003,17,bbI,,, 4-Androsten-17B-OL3_121
50,23.nov.21,22:13:46,L3 steroider P1 lot 1019,50,21123_Hormones_Fredrik_L1_P3_2,L1_P3_2,qc,QC,0,3.9,3980,1221582,4,01:10,0.003,19,bbI,,, 4-Androsten-17B-OL3_121
51,23.nov.21,22:03:36,L2 steroider P1 lot 0902,51,21123_Hormones_Fredrik_L1_P2_2,L1_P2_2,qc,QC,0,3.89,3796,1234667,4,01:09,0.003,18,bbI,,, 4-Androsten-17B-OL3_121
52,23.nov.21,22:34:06,L2 steroider P2 lot 1419,52,21123_Hormones_Fredrik_L2_P2_2,L2_P2_2,qc,QC,0,3.9,3115,1136383,4,01:12,0.003,16,bbI,,, 4-Androsten-17B-OL3_121
53,23.nov.21,22:44:15,L3 steroider P2 lot 1419,53,21123_Hormones_Fredrik_L2_P3_2,L2_P3_2,qc,QC,0,3.89,3267,1104968,4,01:13,0.003,21,bbI,,, 4-Androsten-17B-OL3_121
1,23.nov.21,13:55:22,Std 1 ,1,21123_Hormones_Fredrik_std1,std_1,std,Standard,25,3.47,200857,597179,4,01:01,0.336,2928,bb,24.4,-2.4,4-Androsten-3-11-17-trione257
2,23.nov.21,14:05:33,Std 2 ,2,21123_Hormones_Fredrik_std2,std_2,std,Standard,12.5,3.47,107536,622427,4,01:02,0.173,85,bb,12.53,0.2,4-Androsten-3-11-17-trione257
3,23.nov.21,14:15:42,Std 3,3,21123_Hormones_Fredrik_std3,std_3,std,Standard,2.5,3.47,20217,576581,4,01:03,0.035,365,bb,2.54,1.4,4-Androsten-3-11-17-trione257
4,23.nov.21,14:25:52,Std 4,4,21123_Hormones_Fredrik_std4,std_4,std,Standard,1.25,3.47,9070,523376,4,01:04,0.017,167,bb,1.25,-0.1,4-Androsten-3-11-17-trione257
5,23.nov.21,14:36:03,Std 5,5,21123_Hormones_Fredrik_std5,std_5,std,Standard,0.25,3.47,1827,503510,4,01:05,0.004,46,bb,0.25,1.7,4-Androsten-3-11-17-trione257
6,23.nov.21,14:46:13,Std 6,6,21123_Hormones_Fredrik_std6,std_6,std,Standard,0.125,,,626525,4,01:06,,,,,,4-Androsten-3-11-17-trione257
7,23.nov.21,14:56:23,Std 7,7,21123_Hormones_Fredrik_std7,std_7,std,Standard,0.025,3.46,277,589648,4,01:07,0,6,bb,0.02,-0.5,4-Androsten-3-11-17-trione257
8,23.nov.21,15:06:33,L1 steroider P1 lot 4019,8,21123_Hormones_Fredrik_L1_P1,qc_1,qc,QC,0,,,671265,4,01:08,,,,,,4-Androsten-3-11-17-trione257
9,23.nov.21,15:37:04,L1 steroider P2 lot 1019,9,21123_Hormones_Fredrik_L2_P1,qc_2,qc,QC,0,3.48,631,627138,4,01:11,0.001,12,bb,0.06,,4-Androsten-3-11-17-trione257
10,23.nov.21,15:26:54,L3 steroider P1 lot 1019,10,21123_Hormones_Fredrik_L1_P3,qc_3,qc,QC,0,3.47,2062,664028,4,01:10,0.003,37,bb,0.22,,4-Androsten-3-11-17-trione257
11,23.nov.21,15:16:43,L2 steroider P1 lot 0902,11,21123_Hormones_Fredrik_L1_P2,qc_4,qc,QC,0,,,718331,4,01:09,,,,,,4-Androsten-3-11-17-trione257
12,23.nov.21,15:47:15,L2 steroider P2 lot 1419,12,21123_Hormones_Fredrik_L2_P2,qc_5,qc,QC,0,,,640734,4,01:12,,,,,,4-Androsten-3-11-17-trione257
13,23.nov.21,15:57:25,L3 steroider P2 lot 1419,13,21123_Hormones_Fredrik_L2_P3,qc_6,qc,QC,0,,,613805,4,01:13,,,,,,4-Androsten-3-11-17-trione257
14,23.nov.21,16:07:35,,14,21123_Hormones_Fredrik_1,H216,BAT05C,Analyte,,3.47,201,669859,4,01:14,0,6,bb,0.01,,4-Androsten-3-11-17-trione257
15,23.nov.21,16:17:45,,15,21123_Hormones_Fredrik_2,H243,aENT,Analyte,,,,535526,4,01:15,,,,,,4-Androsten-3-11-17-trione257
16,23.nov.21,16:27:55,,16,21123_Hormones_Fredrik_3,H222,BAT05C,Analyte,,,,654083,4,01:16,,,,,,4-Androsten-3-11-17-trione257
17,23.nov.21,16:38:05,,17,21123_Hormones_Fredrik_4,H245,IBE1,Analyte,,,,639175,4,01:17,,,,,,4-Androsten-3-11-17-trione257
18,23.nov.21,16:48:16,,18,21123_Hormones_Fredrik_5,H263,BAT05C,Analyte,,,,686533,4,01:18,,,,,,4-Androsten-3-11-17-trione257
19,23.nov.21,16:58:26,,19,21123_Hormones_Fredrik_6,H241,aENT,Analyte,,,,670881,4,01:19,,,,,,4-Androsten-3-11-17-trione257
20,23.nov.21,17:08:36,,20,21123_Hormones_Fredrik_7,H298,BAT05C,Analyte,,,,654852,4,01:20,,,,,,4-Androsten-3-11-17-trione257
21,23.nov.21,17:18:46,,21,21123_Hormones_Fredrik_8,H276,BAT05C,Analyte,,,,673521,4,01:21,,,,,,4-Androsten-3-11-17-trione257
22,23.nov.21,17:28:56,,22,21123_Hormones_Fredrik_9,H254,aENT,Analyte,,,,618774,4,01:22,,,,,,4-Androsten-3-11-17-trione257
23,23.nov.21,17:39:06,,23,21123_Hormones_Fredrik_10,H250,BAT3C,Analyte,,,,616393,4,01:23,,,,,,4-Androsten-3-11-17-trione257
24,23.nov.21,17:49:17,,24,21123_Hormones_Fredrik_11,H300,BAT3C,Analyte,,,,668812,4,01:24,,,,,,4-Androsten-3-11-17-trione257
25,23.nov.21,17:59:26,,25,21123_Hormones_Fredrik_12,H248,BAT3C,Analyte,,,,602079,4,01:25,,,,,,4-Androsten-3-11-17-trione257
26,23.nov.21,18:09:37,,26,21123_Hormones_Fredrik_13,H230,aENT,Analyte,,,,639448,4,01:26,,,,,,4-Androsten-3-11-17-trione257
27,23.nov.21,18:19:48,,27,21123_Hormones_Fredrik_14,H299,TEST,Analyte,,3.47,257,555670,4,01:27,0,3,bb,0.02,,4-Androsten-3-11-17-trione257
28,23.nov.21,18:29:58,,28,21123_Hormones_Fredrik_15,H319,aENT,Analyte,,,,547037,4,01:28,,,,,,4-Androsten-3-11-17-trione257
29,23.nov.21,18:40:09,,29,21123_Hormones_Fredrik_16,H307,aENT,Analyte,,,,622440,4,01:29,,,,,,4-Androsten-3-11-17-trione257
30,23.nov.21,18:50:20,,30,21123_Hormones_Fredrik_17,H236,BAT3C,Analyte,,,,634413,4,01:30,,,,,,4-Androsten-3-11-17-trione257
31,23.nov.21,19:00:30,,31,21123_Hormones_Fredrik_18,H224,IBE1,Analyte,,,,673450,4,01:31,,,,,,4-Androsten-3-11-17-trione257
32,23.nov.21,19:10:41,,32,21123_Hormones_Fredrik_19,H278,IBE1,Analyte,,,,696704,4,01:32,,,,,,4-Androsten-3-11-17-trione257
33,23.nov.21,19:20:50,,33,21123_Hormones_Fredrik_20,H211,IBE12,Analyte,,,,653118,4,01:33,,,,,,4-Androsten-3-11-17-trione257
34,23.nov.21,19:31:01,,34,21123_Hormones_Fredrik_21,H274,IBE12,Analyte,,,,728248,4,01:34,,,,,,4-Androsten-3-11-17-trione257
35,23.nov.21,19:41:11,,35,21123_Hormones_Fredrik_22,H327,IBE12,Analyte,,,,632292,4,01:35,,,,,,4-Androsten-3-11-17-trione257
36,23.nov.21,19:51:22,,36,21123_Hormones_Fredrik_23,H273,BAT3C,Analyte,,,,645435,4,01:36,,,,,,4-Androsten-3-11-17-trione257
37,23.nov.21,20:01:32,,37,21123_Hormones_Fredrik_24,H264,IBE1,Analyte,,,,690438,4,01:37,,,,,,4-Androsten-3-11-17-trione257
38,23.nov.21,20:11:42,,38,21123_Hormones_Fredrik_25,H301,IBE12,Analyte,,,,720161,4,01:38,,,,,,4-Androsten-3-11-17-trione257
39,23.nov.21,20:21:52,,39,21123_Hormones_Fredrik_26,H275,IBE12,Analyte,,,,690925,4,01:39,,,,,,4-Androsten-3-11-17-trione257
40,23.nov.21,20:32:02,,40,21123_Hormones_Fredrik_27,H268,IBE1,Analyte,,,,687738,4,01:40,,,,,,4-Androsten-3-11-17-trione257
41,23.nov.21,20:42:13,Std 1 ,41,21123_Hormones_Fredrik_std1_2,std_1_2,std,Standard,25,3.47,197450,587850,4,01:01,0.336,4009,bb,24.37,-2.5,4-Androsten-3-11-17-trione257
42,23.nov.21,20:52:23,Std 2 ,42,21123_Hormones_Fredrik_std2_2,std_2_2,std,Standard,12.5,3.47,109016,621134,4,01:02,0.176,2372,bb,12.73,1.8,4-Androsten-3-11-17-trione257
43,23.nov.21,21:02:33,Std 3,43,21123_Hormones_Fredrik_std3_2,std_3_2,std,Standard,2.5,3.47,19298,563979,4,01:03,0.034,66,bb,2.47,-1,4-Androsten-3-11-17-trione257
44,23.nov.21,21:12:43,Std 4,44,21123_Hormones_Fredrik_std4_2,std_4_2,std,Standard,1.25,3.47,8820,516363,4,01:04,0.017,184,bb,1.23,-1.6,4-Androsten-3-11-17-trione257
45,23.nov.21,21:22:53,Std 5,45,21123_Hormones_Fredrik_std5_2,std_5_2,std,Standard,0.25,3.47,2121,558384,4,01:05,0.004,45,bb,0.27,6.6,4-Androsten-3-11-17-trione257
46,23.nov.21,21:33:04,Std 6,46,21123_Hormones_Fredrik_std6_2,std_6_2,std,Standard,0.125,3.47,1128,622988,4,01:06,0.002,21,bb,0.12,-2.3,4-Androsten-3-11-17-trione257
47,23.nov.21,21:43:15,Std 7,47,21123_Hormones_Fredrik_std7_2,std_7_2,std,Standard,0.025,,,594102,4,01:07,,,,,,4-Androsten-3-11-17-trione257
48,23.nov.21,21:53:25,L1 steroider P1 lot 4019,48,21123_Hormones_Fredrik_L1_P1_2,L1_P1_2,qc,QC,0,3.48,438,682604,4,01:08,0.001,12,bb,0.04,,4-Androsten-3-11-17-trione257
49,23.nov.21,22:23:56,L1 steroider P2 lot 1019,49,21123_Hormones_Fredrik_L2_P1_2,L2_P1_2,qc,QC,0,3.47,724,641780,4,01:11,0.001,18,bb,0.07,,4-Androsten-3-11-17-trione257
50,23.nov.21,22:13:46,L3 steroider P1 lot 1019,50,21123_Hormones_Fredrik_L1_P3_2,L1_P3_2,qc,QC,0,3.47,1850,682673,4,01:10,0.003,51,bb,0.19,,4-Androsten-3-11-17-trione257
51,23.nov.21,22:03:36,L2 steroider P1 lot 0902,51,21123_Hormones_Fredrik_L1_P2_2,L1_P2_2,qc,QC,0,,,699578,4,01:09,,,,,,4-Androsten-3-11-17-trione257
52,23.nov.21,22:34:06,L2 steroider P2 lot 1419,52,21123_Hormones_Fredrik_L2_P2_2,L2_P2_2,qc,QC,0,3.48,306,646159,4,01:12,0,6,bb,0.03,,4-Androsten-3-11-17-trione257
53,23.nov.21,22:44:15,L3 steroider P2 lot 1419,53,21123_Hormones_Fredrik_L2_P3_2,L2_P3_2,qc,QC,0,3.47,260,632438,4,01:13,0,7,bb,0.02,,4-Androsten-3-11-17-trione257
1,23.nov.21,13:55:22,Std 1 ,1,21123_Hormones_Fredrik_std1,std_1,std,Standard,32,6.73,2933687,8241510,4,01:01,0.356,15734,bb,30.06,-6.1, 11-deoxycorticosterone97
2,23.nov.21,14:05:33,Std 2 ,2,21123_Hormones_Fredrik_std2,std_2,std,Standard,16,6.73,1596698,8239856,4,01:02,0.194,10704,bb,16.35,2.2, 11-deoxycorticosterone97
3,23.nov.21,14:15:42,Std 3,3,21123_Hormones_Fredrik_std3,std_3,std,Standard,3.2,6.73,305864,7966615,4,01:03,0.038,2279,bb,3.21,0.3, 11-deoxycorticosterone97
4,23.nov.21,14:25:52,Std 4,4,21123_Hormones_Fredrik_std4,std_4,std,Standard,1.6,6.73,134958,6807970,4,01:04,0.02,1078,bb,1.64,2.6, 11-deoxycorticosterone97
5,23.nov.21,14:36:03,Std 5,5,21123_Hormones_Fredrik_std5,std_5,std,Standard,0.32,6.73,31029,7059957,4,01:05,0.004,162,bb,0.34,5.3, 11-deoxycorticosterone97
6,23.nov.21,14:46:13,Std 6,6,21123_Hormones_Fredrik_std6,std_6,std,Standard,0.16,6.73,20181,8120891,4,01:06,0.002,153,bb,0.18,9.6, 11-deoxycorticosterone97
7,23.nov.21,14:56:23,Std 7,7,21123_Hormones_Fredrik_std7,std_7,std,Standard,0.032,,,8104695,4,01:07,,,MM-I,,, 11-deoxycorticosterone97
8,23.nov.21,15:06:33,L1 steroider P1 lot 4019,8,21123_Hormones_Fredrik_L1_P1,qc_1,qc,QC,0,6.75,322,9672203,4,01:08,0,5,dbI,,, 11-deoxycorticosterone97
9,23.nov.21,15:37:04,L1 steroider P2 lot 1019,9,21123_Hormones_Fredrik_L2_P1,qc_2,qc,QC,0,,,9604953,4,01:11,,,,,, 11-deoxycorticosterone97
10,23.nov.21,15:26:54,L3 steroider P1 lot 1019,10,21123_Hormones_Fredrik_L1_P3,qc_3,qc,QC,0,6.72,3076,10529428,4,01:10,0,13,dbI,,, 11-deoxycorticosterone97
11,23.nov.21,15:16:43,L2 steroider P1 lot 0902,11,21123_Hormones_Fredrik_L1_P2,qc_4,qc,QC,0.23,6.73,35015,9837744,4,01:09,0.004,206,bb,0.27,15.7, 11-deoxycorticosterone97
12,23.nov.21,15:47:15,L2 steroider P2 lot 1419,12,21123_Hormones_Fredrik_L2_P2,qc_5,qc,QC,0.584,6.73,145811,10072692,4,01:12,0.014,904,bb,1.19,103.6, 11-deoxycorticosterone97
13,23.nov.21,15:57:25,L3 steroider P2 lot 1419,13,21123_Hormones_Fredrik_L2_P3,qc_6,qc,QC,2.89,6.73,881045,9587984,4,01:13,0.092,5448,bb,7.73,167.6, 11-deoxycorticosterone97
14,23.nov.21,16:07:35,,14,21123_Hormones_Fredrik_1,H216,BAT05C,Analyte,,6.76,49435,10120378,4,01:14,0.005,292,dd,0.38,, 11-deoxycorticosterone97
15,23.nov.21,16:17:45,,15,21123_Hormones_Fredrik_2,H243,aENT,Analyte,,6.76,83767,8598330,4,01:15,0.01,471,dd,0.79,, 11-deoxycorticosterone97
16,23.nov.21,16:27:55,,16,21123_Hormones_Fredrik_3,H222,BAT05C,Analyte,,6.76,21864,9194823,4,01:16,0.002,154,dd,0.17,, 11-deoxycorticosterone97
17,23.nov.21,16:38:05,,17,21123_Hormones_Fredrik_4,H245,IBE1,Analyte,,6.75,77578,8942447,4,01:17,0.009,383,dd,0.7,, 11-deoxycorticosterone97
18,23.nov.21,16:48:16,,18,21123_Hormones_Fredrik_5,H263,BAT05C,Analyte,,6.76,51047,9911310,4,01:18,0.005,262,dd,0.4,, 11-deoxycorticosterone97
19,23.nov.21,16:58:26,,19,21123_Hormones_Fredrik_6,H241,aENT,Analyte,,6.76,32316,10078451,4,01:19,0.003,188,dd,0.24,, 11-deoxycorticosterone97
20,23.nov.21,17:08:36,,20,21123_Hormones_Fredrik_7,H298,BAT05C,Analyte,,6.76,44988,9823377,4,01:20,0.005,227,bd,0.35,, 11-deoxycorticosterone97
21,23.nov.21,17:18:46,,21,21123_Hormones_Fredrik_8,H276,BAT05C,Analyte,,6.76,30694,10214673,4,01:21,0.003,200,dd,0.22,, 11-deoxycorticosterone97
22,23.nov.21,17:28:56,,22,21123_Hormones_Fredrik_9,H254,aENT,Analyte,,6.76,52640,9584307,4,01:22,0.005,332,dd,0.43,, 11-deoxycorticosterone97
23,23.nov.21,17:39:06,,23,21123_Hormones_Fredrik_10,H250,BAT3C,Analyte,,6.76,30710,9079368,4,01:23,0.003,135,dd,0.25,, 11-deoxycorticosterone97
24,23.nov.21,17:49:17,,24,21123_Hormones_Fredrik_11,H300,BAT3C,Analyte,,6.76,32888,9733879,4,01:24,0.003,259,dd,0.25,, 11-deoxycorticosterone97
25,23.nov.21,17:59:26,,25,21123_Hormones_Fredrik_12,H248,BAT3C,Analyte,,6.76,42617,9147359,4,01:25,0.005,191,dd,0.36,, 11-deoxycorticosterone97
26,23.nov.21,18:09:37,,26,21123_Hormones_Fredrik_13,H230,aENT,Analyte,,6.76,51301,9814959,4,01:26,0.005,273,dd,0.41,, 11-deoxycorticosterone97
27,23.nov.21,18:19:48,,27,21123_Hormones_Fredrik_14,H299,TEST,Analyte,,6.73,12576,9139069,4,01:27,0.001,68,bb,0.08,, 11-deoxycorticosterone97
28,23.nov.21,18:29:58,,28,21123_Hormones_Fredrik_15,H319,aENT,Analyte,,6.76,98545,8706971,4,01:28,0.011,545,dd,0.92,, 11-deoxycorticosterone97
29,23.nov.21,18:40:09,,29,21123_Hormones_Fredrik_16,H307,aENT,Analyte,,6.76,85974,9711965,4,01:29,0.009,408,dd,0.71,, 11-deoxycorticosterone97
30,23.nov.21,18:50:20,,30,21123_Hormones_Fredrik_17,H236,BAT3C,Analyte,,6.76,44722,9255359,4,01:30,0.005,169,dd,0.37,, 11-deoxycorticosterone97
31,23.nov.21,19:00:30,,31,21123_Hormones_Fredrik_18,H224,IBE1,Analyte,,6.76,68452,9891627,4,01:31,0.007,319,dd,0.55,, 11-deoxycorticosterone97
32,23.nov.21,19:10:41,,32,21123_Hormones_Fredrik_19,H278,IBE1,Analyte,,6.76,91872,10405213,4,01:32,0.009,282,dd,0.71,, 11-deoxycorticosterone97
33,23.nov.21,19:20:50,,33,21123_Hormones_Fredrik_20,H211,IBE12,Analyte,,6.75,53471,9964675,4,01:33,0.005,210,dd,0.42,, 11-deoxycorticosterone97
34,23.nov.21,19:31:01,,34,21123_Hormones_Fredrik_21,H274,IBE12,Analyte,,6.76,38195,10814571,4,01:34,0.004,342,bd,0.26,, 11-deoxycorticosterone97
35,23.nov.21,19:41:11,,35,21123_Hormones_Fredrik_22,H327,IBE12,Analyte,,6.76,102796,10265080,4,01:35,0.01,459,bd,0.81,, 11-deoxycorticosterone97
36,23.nov.21,19:51:22,,36,21123_Hormones_Fredrik_23,H273,BAT3C,Analyte,,6.76,37107,9990542,4,01:36,0.004,212,dd,0.28,, 11-deoxycorticosterone97
37,23.nov.21,20:01:32,,37,21123_Hormones_Fredrik_24,H264,IBE1,Analyte,,6.74,91578,10024160,4,01:37,0.009,251,dd,0.74,, 11-deoxycorticosterone97
38,23.nov.21,20:11:42,,38,21123_Hormones_Fredrik_25,H301,IBE12,Analyte,,6.76,53209,10754768,4,01:38,0.005,194,dd,0.38,, 11-deoxycorticosterone97
39,23.nov.21,20:21:52,,39,21123_Hormones_Fredrik_26,H275,IBE12,Analyte,,6.76,44164,10350231,4,01:39,0.004,236,dd,0.33,, 11-deoxycorticosterone97
40,23.nov.21,20:32:02,,40,21123_Hormones_Fredrik_27,H268,IBE1,Analyte,,6.76,73766,10489523,4,01:40,0.007,339,dd,0.56,, 11-deoxycorticosterone97
41,23.nov.21,20:42:13,Std 1 ,41,21123_Hormones_Fredrik_std1_2,std_1_2,std,Standard,32,6.73,3029884,8183206,4,01:01,0.37,19754,bb,31.27,-2.3, 11-deoxycorticosterone97
42,23.nov.21,20:52:23,Std 2 ,42,21123_Hormones_Fredrik_std2_2,std_2_2,std,Standard,16,6.73,1640111,8617537,4,01:02,0.19,8164,bb,16.06,0.3, 11-deoxycorticosterone97
43,23.nov.21,21:02:33,Std 3,43,21123_Hormones_Fredrik_std3_2,std_3_2,std,Standard,3.2,6.73,302491,7829938,4,01:03,0.039,2445,bb,3.23,1, 11-deoxycorticosterone97
44,23.nov.21,21:12:43,Std 4,44,21123_Hormones_Fredrik_std4_2,std_4_2,std,Standard,1.6,6.73,137740,7147944,4,01:04,0.019,902,bb,1.59,-0.4, 11-deoxycorticosterone97
45,23.nov.21,21:22:53,Std 5,45,21123_Hormones_Fredrik_std5_2,std_5_2,std,Standard,0.32,6.73,27235,7126408,4,01:05,0.004,200,bb,0.29,-9.9, 11-deoxycorticosterone97
46,23.nov.21,21:33:04,Std 6,46,21123_Hormones_Fredrik_std6_2,std_6_2,std,Standard,0.16,6.73,20529,8274138,4,01:06,0.002,131,bd,0.18,9.4, 11-deoxycorticosterone97
47,23.nov.21,21:43:15,Std 7,47,21123_Hormones_Fredrik_std7_2,std_7_2,std,Standard,0.032,6.74,6257,8195337,4,01:07,0.001,28,bb,0.03,-6.8, 11-deoxycorticosterone97
48,23.nov.21,21:53:25,L1 steroider P1 lot 4019,48,21123_Hormones_Fredrik_L1_P1_2,L1_P1_2,qc,QC,0,6.7,1900,10379050,4,01:08,0,7,bbI,,, 11-deoxycorticosterone97
49,23.nov.21,22:23:56,L1 steroider P2 lot 1019,49,21123_Hormones_Fredrik_L2_P1_2,L2_P1_2,qc,QC,0,,,9695726,4,01:11,,,,,, 11-deoxycorticosterone97
50,23.nov.21,22:13:46,L3 steroider P1 lot 1019,50,21123_Hormones_Fredrik_L1_P3_2,L1_P3_2,qc,QC,0,,,10512928,4,01:10,,,,,, 11-deoxycorticosterone97
51,23.nov.21,22:03:36,L2 steroider P1 lot 0902,51,21123_Hormones_Fredrik_L1_P2_2,L1_P2_2,qc,QC,0.23,6.73,33769,10213238,4,01:09,0.003,249,bb,0.24,6.4, 11-deoxycorticosterone97
52,23.nov.21,22:34:06,L2 steroider P2 lot 1419,52,21123_Hormones_Fredrik_L2_P2_2,L2_P2_2,qc,QC,0.584,6.73,152248,10214465,4,01:12,0.015,1012,bb,1.23,109.8, 11-deoxycorticosterone97
53,23.nov.21,22:44:15,L3 steroider P2 lot 1419,53,21123_Hormones_Fredrik_L2_P3_2,L2_P3_2,qc,QC,2.89,6.74,893182,9656016,4,01:13,0.093,4391,bb,7.79,169.4, 11-deoxycorticosterone97
